I consider myself:,Country,WiFi Router:Check all the internet connected devices you currently own:,Laptop computer:Check all the internet connected devices you currently own:,Smart phone:Check all the internet connected devices you currently own:,Smart TV:Check all the internet connected devices you currently own:,Activity Tracker (ex: Fitbit or Apple Watch):Check all the internet connected devices you currently own:,"Smarthome Hub (ex. Amazon Echo, Google Alexa):Check all the internet connected devices you currently own:",Car that connects to the internet:Check all the internet connected devices you currently own:,Smart Thermostat (ex: Nest):Check all the internet connected devices you currently own:,"Smart Appliance (ex. Coffeemaker, Refrigerator, Oven, Fridge):Check all the internet connected devices you currently own:",Smart Door Locks (ex. Door locks for your home you can open via bluetooth):Check all the internet connected devices you currently own:
Average User:   I know enough to get by.,Germany,9848,8526,8673,3549,699,277,683,128,607,73
"Technically Savvy:   I know my way around a computer pretty well. When anyone in my family needs technical help, I‰Ûªm the one they call.",Italy,9776,9851,10384,5434,1778,539,907,373,811,141
Average User:   I know enough to get by.,Italy,9720,10936,11387,4146,636,323,824,174,709,72
"Technically Savvy:   I know my way around a computer pretty well. When anyone in my family needs technical help, I‰Ûªm the one they call.",Germany,9479,8607,9236,5126,1523,678,1006,435,601,184
"Technically Savvy:   I know my way around a computer pretty well. When anyone in my family needs technical help, I‰Ûªm the one they call.",France,9190,11525,11625,3928,1639,525,900,485,1008,245
Average User:   I know enough to get by.,United States,7902,7213,6758,3494,1229,626,1180,423,374,123
Average User:   I know enough to get by.,France,7491,11572,10683,2342,682,352,695,267,786,125
"Technically Savvy:   I know my way around a computer pretty well. When anyone in my family needs technical help, I‰Ûªm the one they call.",United States,7476,7151,7129,4014,2088,1132,1199,801,444,260
Average User:   I know enough to get by.,Brazil,5228,4425,4996,2574,256,141,349,53,870,67
"Technically Savvy:   I know my way around a computer pretty well. When anyone in my family needs technical help, I‰Ûªm the one they call.",Brazil,5226,4609,5191,3007,456,211,367,75,693,137
"Ultra Nerd:  I build my own computers, run my own servers, code my own apps. I‰Ûªm basically Mr. Robot.",France,2851,3079,3128,1220,717,258,316,287,340,208
"Ultra Nerd:  I build my own computers, run my own servers, code my own apps. I‰Ûªm basically Mr. Robot.",Germany,2593,2456,2554,1496,619,453,447,314,332,216
"Ultra Nerd:  I build my own computers, run my own servers, code my own apps. I‰Ûªm basically Mr. Robot.",Italy,2398,2367,2383,1487,699,330,360,293,362,178
"Technically Savvy:   I know my way around a computer pretty well. When anyone in my family needs technical help, I‰Ûªm the one they call.",Mexico,2347,2415,2521,1643,267,249,167,54,219,109
Average User:   I know enough to get by.,Spain,2339,2074,2188,936,176,55,122,53,111,24
Average User:   I know enough to get by.,Mexico,2239,2342,2684,1520,157,176,165,36,207,54
"Technically Savvy:   I know my way around a computer pretty well. When anyone in my family needs technical help, I‰Ûªm the one they call.",Spain,2180,2028,2158,1202,397,107,159,77,144,40
"Ultra Nerd:  I build my own computers, run my own servers, code my own apps. I‰Ûªm basically Mr. Robot.",United States,2124,2064,2074,1183,821,536,354,370,220,187
Average User:   I know enough to get by.,United Kingdom,1998,1732,1571,864,189,100,163,73,74,5
"Technically Savvy:   I know my way around a computer pretty well. When anyone in my family needs technical help, I‰Ûªm the one they call.",United Kingdom,1996,1925,1919,1074,392,177,212,151,102,22
"Technically Savvy:   I know my way around a computer pretty well. When anyone in my family needs technical help, I‰Ûªm the one they call.",India,1717,1827,1886,670,384,115,177,45,338,93
Average User:   I know enough to get by.,Canada,1707,1592,1321,648,185,42,195,96,148,29
"Technically Savvy:   I know my way around a computer pretty well. When anyone in my family needs technical help, I‰Ûªm the one they call.",Canada,1525,1462,1401,747,312,70,180,117,86,52
"Technically Savvy:   I know my way around a computer pretty well. When anyone in my family needs technical help, I‰Ûªm the one they call.",Switzerland,1461,1427,1451,762,282,56,172,36,110,25
Average User:   I know enough to get by.,Switzerland,1354,1273,1265,518,133,25,126,17,127,11
Average User:   I know enough to get by.,Argentina,1297,1041,1202,703,37,54,62,12,67,11
"Technically Savvy:   I know my way around a computer pretty well. When anyone in my family needs technical help, I‰Ûªm the one they call.",Argentina,1174,1027,1149,695,82,61,43,22,85,26
"Ultra Nerd:  I build my own computers, run my own servers, code my own apps. I‰Ûªm basically Mr. Robot.",Brazil,1034,937,994,662,217,142,157,106,188,151
Average User:   I know enough to get by.,Australia,976,940,898,433,130,15,87,1,55,6
"Technically Savvy:   I know my way around a computer pretty well. When anyone in my family needs technical help, I‰Ûªm the one they call.",Austria,923,869,910,485,138,54,78,30,75,22
"Technically Savvy:   I know my way around a computer pretty well. When anyone in my family needs technical help, I‰Ûªm the one they call.",Belgium,903,906,909,430,142,47,106,55,88,25
Average User:   I know enough to get by.,Belgium,865,941,810,328,57,28,77,41,65,12
Average User:   I know enough to get by.,India,840,931,991,254,99,42,74,19,152,38
"Technically Savvy:   I know my way around a computer pretty well. When anyone in my family needs technical help, I‰Ûªm the one they call.",Australia,832,813,823,436,219,23,88,9,55,20
"Technically Savvy:   I know my way around a computer pretty well. When anyone in my family needs technical help, I‰Ûªm the one they call.",Colombia,811,809,858,526,90,64,49,15,70,30
Average User:   I know enough to get by.,Colombia,803,795,860,466,42,53,49,15,72,24
Luddite:  Technology scares me! I only use it when I have to.,Italy,731,914,799,204,22,21,41,13,68,11
Average User:   I know enough to get by.,Austria,703,684,672,253,49,20,48,10,56,9
Average User:   I know enough to get by.,Venezuela,699,567,512,123,30,40,21,7,53,11
"Ultra Nerd:  I build my own computers, run my own servers, code my own apps. I‰Ûªm basically Mr. Robot.",Spain,683,664,671,422,194,51,67,58,84,50
Average User:   I know enough to get by.,Ecuador,591,499,533,319,33,37,36,8,55,13
"Ultra Nerd:  I build my own computers, run my own servers, code my own apps. I‰Ûªm basically Mr. Robot.",United Kingdom,575,553,567,333,189,100,73,69,48,26
"Technically Savvy:   I know my way around a computer pretty well. When anyone in my family needs technical help, I‰Ûªm the one they call.",Chile,571,541,566,351,43,27,26,17,50,15
Luddite:  Technology scares me! I only use it when I have to.,Germany,546,474,395,124,40,37,52,31,71,31
"Ultra Nerd:  I build my own computers, run my own servers, code my own apps. I‰Ûªm basically Mr. Robot.",Mexico,540,519,527,391,134,111,93,62,127,95
Average User:   I know enough to get by.,Chile,532,504,526,269,23,25,22,5,34,4
"Ultra Nerd:  I build my own computers, run my own servers, code my own apps. I‰Ûªm basically Mr. Robot.",Canada,486,467,468,226,139,38,63,55,39,36
"Technically Savvy:   I know my way around a computer pretty well. When anyone in my family needs technical help, I‰Ûªm the one they call.",Venezuela,476,442,432,110,24,36,15,10,36,17
Luddite:  Technology scares me! I only use it when I have to.,France,472,1061,697,103,26,44,65,32,80,14
"Ultra Nerd:  I build my own computers, run my own servers, code my own apps. I‰Ûªm basically Mr. Robot.",India,453,410,400,177,126,76,70,56,93,69
"Ultra Nerd:  I build my own computers, run my own servers, code my own apps. I‰Ûªm basically Mr. Robot.",Switzerland,381,383,381,217,106,40,53,41,55,36
Luddite:  Technology scares me! I only use it when I have to.,United States,343,324,278,120,29,17,44,24,32,9
"Technically Savvy:   I know my way around a computer pretty well. When anyone in my family needs technical help, I‰Ûªm the one they call.",Ecuador,341,306,316,219,26,28,32,6,33,18
Average User:   I know enough to get by.,Peru,338,274,305,186,10,20,16,6,25,7
Luddite:  Technology scares me! I only use it when I have to.,Brazil,326,247,242,129,28,17,34,18,58,20
"Technically Savvy:   I know my way around a computer pretty well. When anyone in my family needs technical help, I‰Ûªm the one they call.",Netherlands,311,307,304,154,51,10,19,28,18,6
"Technically Savvy:   I know my way around a computer pretty well. When anyone in my family needs technical help, I‰Ûªm the one they call.",Peru,304,288,298,214,16,30,21,7,26,8
"Technically Savvy:   I know my way around a computer pretty well. When anyone in my family needs technical help, I‰Ûªm the one they call.",Indonesia,286,324,329,92,44,23,27,13,40,14
"Ultra Nerd:  I build my own computers, run my own servers, code my own apps. I‰Ûªm basically Mr. Robot.",Argentina,271,248,256,175,37,23,32,21,41,18
"Ultra Nerd:  I build my own computers, run my own servers, code my own apps. I‰Ûªm basically Mr. Robot.",Belgium,265,259,259,139,68,18,49,31,27,16
Average User:   I know enough to get by.,New Zealand,264,243,222,109,20,2,22,3,12,4
"Ultra Nerd:  I build my own computers, run my own servers, code my own apps. I‰Ûªm basically Mr. Robot.",Australia,262,257,259,136,86,21,23,21,25,15
"Ultra Nerd:  I build my own computers, run my own servers, code my own apps. I‰Ûªm basically Mr. Robot.",Austria,253,246,248,146,57,40,35,22,25,19
"Technically Savvy:   I know my way around a computer pretty well. When anyone in my family needs technical help, I‰Ûªm the one they call.",Algeria,214,215,207,122,17,16,19,6,33,11
Average User:   I know enough to get by.,Algeria,214,255,218,103,10,11,13,6,16,6
Luddite:  Technology scares me! I only use it when I have to.,Spain,213,191,159,47,10,6,12,7,11,6
Average User:   I know enough to get by.,Indonesia,205,239,252,58,16,13,14,4,23,5
Average User:   I know enough to get by.,Uruguay,196,177,180,78,5,5,6,8,12,2
"Technically Savvy:   I know my way around a computer pretty well. When anyone in my family needs technical help, I‰Ûªm the one they call.",Morocco,196,196,191,102,24,15,30,7,29,6
Average User:   I know enough to get by.,Netherlands,195,180,180,88,14,6,14,11,13,2
"Technically Savvy:   I know my way around a computer pretty well. When anyone in my family needs technical help, I‰Ûªm the one they call.",Greece,191,176,182,71,19,4,10,2,7,0
"Technically Savvy:   I know my way around a computer pretty well. When anyone in my family needs technical help, I‰Ûªm the one they call.",New Zealand,191,180,185,84,43,6,9,0,6,3
"Technically Savvy:   I know my way around a computer pretty well. When anyone in my family needs technical help, I‰Ûªm the one they call.",Romania,186,167,178,77,29,9,6,6,8,1
Average User:   I know enough to get by.,Morocco,184,191,185,93,13,10,11,2,22,5
"Ultra Nerd:  I build my own computers, run my own servers, code my own apps. I‰Ûªm basically Mr. Robot.",Colombia,183,175,172,122,37,30,32,20,33,32
"Technically Savvy:   I know my way around a computer pretty well. When anyone in my family needs technical help, I‰Ûªm the one they call.",South Africa,181,187,201,72,52,6,17,3,20,5
Average User:   I know enough to get by.,Costa Rica,171,158,169,78,8,12,8,3,10,5
"Technically Savvy:   I know my way around a computer pretty well. When anyone in my family needs technical help, I‰Ûªm the one they call.",Uruguay,170,153,168,80,10,13,9,6,7,2
"Technically Savvy:   I know my way around a computer pretty well. When anyone in my family needs technical help, I‰Ûªm the one they call.",Costa Rica,167,165,161,78,20,16,11,1,10,3
"Technically Savvy:   I know my way around a computer pretty well. When anyone in my family needs technical help, I‰Ûªm the one they call.",Philippines,165,172,172,76,20,9,10,3,30,5
Average User:   I know enough to get by.,Guatemala,163,127,154,61,10,11,6,2,15,2
"Technically Savvy:   I know my way around a computer pretty well. When anyone in my family needs technical help, I‰Ûªm the one they call.",Guatemala,162,158,164,90,21,10,6,3,10,6
"Ultra Nerd:  I build my own computers, run my own servers, code my own apps. I‰Ûªm basically Mr. Robot.",Netherlands,161,155,162,81,35,11,15,23,14,5
Luddite:  Technology scares me! I only use it when I have to.,Mexico,156,130,162,88,16,21,20,14,23,15
"Technically Savvy:   I know my way around a computer pretty well. When anyone in my family needs technical help, I‰Ûªm the one they call.",Ireland,152,154,162,58,24,5,18,6,7,0
"Technically Savvy:   I know my way around a computer pretty well. When anyone in my family needs technical help, I‰Ûªm the one they call.",Portugal,146,140,147,64,27,5,16,6,11,5
Average User:   I know enough to get by.,Philippines,144,149,151,56,14,7,11,3,22,3
Average User:   I know enough to get by.,Bolivia,144,139,140,60,6,11,14,2,13,1
"Technically Savvy:   I know my way around a computer pretty well. When anyone in my family needs technical help, I‰Ûªm the one they call.",Sweden,140,128,137,65,29,5,13,8,8,6
"Technically Savvy:   I know my way around a computer pretty well. When anyone in my family needs technical help, I‰Ûªm the one they call.",Bangladesh,136,131,139,46,22,8,6,5,26,8
Average User:   I know enough to get by.,South Africa,131,138,151,41,15,2,4,3,12,2
"Technically Savvy:   I know my way around a computer pretty well. When anyone in my family needs technical help, I‰Ûªm the one they call.",Bolivia,130,125,133,73,19,5,11,4,13,10
"Technically Savvy:   I know my way around a computer pretty well. When anyone in my family needs technical help, I‰Ûªm the one they call.",El Salvador,129,126,138,78,10,10,6,7,13,6
Average User:   I know enough to get by.,El Salvador,128,114,135,75,5,12,3,4,10,2
"Technically Savvy:   I know my way around a computer pretty well. When anyone in my family needs technical help, I‰Ûªm the one they call.",Pakistan,127,127,125,49,17,12,17,3,19,11
Average User:   I know enough to get by.,Reunion,122,158,148,37,11,8,9,0,16,1
"Technically Savvy:   I know my way around a computer pretty well. When anyone in my family needs technical help, I‰Ûªm the one they call.",Malaysia,119,133,138,46,30,7,12,2,15,4
"Technically Savvy:   I know my way around a computer pretty well. When anyone in my family needs technical help, I‰Ûªm the one they call.","Iran, Islamic Republic of",114,106,116,45,22,5,6,4,9,5
"Ultra Nerd:  I build my own computers, run my own servers, code my own apps. I‰Ûªm basically Mr. Robot.",Chile,113,112,111,87,26,18,23,13,22,18
"Technically Savvy:   I know my way around a computer pretty well. When anyone in my family needs technical help, I‰Ûªm the one they call.",Dominican Republic,111,97,102,55,16,11,4,6,9,4
"Technically Savvy:   I know my way around a computer pretty well. When anyone in my family needs technical help, I‰Ûªm the one they call.",Norway,109,113,114,58,26,4,12,8,7,5
Luddite:  Technology scares me! I only use it when I have to.,United Kingdom,109,99,59,30,2,4,5,1,5,0
"Technically Savvy:   I know my way around a computer pretty well. When anyone in my family needs technical help, I‰Ûªm the one they call.",Reunion,109,137,129,50,19,8,14,2,23,4
Average User:   I know enough to get by.,Ireland,108,121,111,40,17,2,12,0,7,1
"Ultra Nerd:  I build my own computers, run my own servers, code my own apps. I‰Ûªm basically Mr. Robot.",Sweden,103,97,101,51,26,6,8,5,12,3
Luddite:  Technology scares me! I only use it when I have to.,Argentina,103,61,67,42,5,4,8,3,7,4
"Technically Savvy:   I know my way around a computer pretty well. When anyone in my family needs technical help, I‰Ûªm the one they call.",Denmark,101,101,103,48,27,4,6,2,5,0
Average User:   I know enough to get by.,Paraguay,101,90,109,37,2,4,6,0,9,4
"Technically Savvy:   I know my way around a computer pretty well. When anyone in my family needs technical help, I‰Ûªm the one they call.",Paraguay,101,90,102,41,6,6,5,2,8,2
Luddite:  Technology scares me! I only use it when I have to.,India,100,109,111,41,19,16,20,14,27,18
"Technically Savvy:   I know my way around a computer pretty well. When anyone in my family needs technical help, I‰Ûªm the one they call.",Finland,99,84,105,47,23,3,8,2,7,3
"Technically Savvy:   I know my way around a computer pretty well. When anyone in my family needs technical help, I‰Ûªm the one they call.",Kenya,98,119,121,52,11,6,5,1,9,5
Average User:   I know enough to get by.,Greece,98,93,87,36,5,2,6,0,6,0
Average User:   I know enough to get by.,Bangladesh,98,95,94,28,11,7,6,4,13,5
"Technically Savvy:   I know my way around a computer pretty well. When anyone in my family needs technical help, I‰Ûªm the one they call.",Russian Federation,87,85,93,27,13,1,6,0,1,1
Average User:   I know enough to get by.,Malaysia,87,97,101,28,12,3,8,1,11,5
"Technically Savvy:   I know my way around a computer pretty well. When anyone in my family needs technical help, I‰Ûªm the one they call.",Nigeria,87,128,130,28,8,4,8,1,16,3
"Technically Savvy:   I know my way around a computer pretty well. When anyone in my family needs technical help, I‰Ûªm the one they call.",Honduras,86,77,80,50,8,4,2,3,8,1
Average User:   I know enough to get by.,Portugal,86,85,78,31,5,0,9,0,6,0
"Ultra Nerd:  I build my own computers, run my own servers, code my own apps. I‰Ûªm basically Mr. Robot.",Romania,85,79,82,42,21,9,13,8,7,5
"Ultra Nerd:  I build my own computers, run my own servers, code my own apps. I‰Ûªm basically Mr. Robot.",Venezuela,85,72,67,28,14,18,7,8,10,7
"Technically Savvy:   I know my way around a computer pretty well. When anyone in my family needs technical help, I‰Ûªm the one they call.",Serbia,83,65,81,32,7,2,3,0,13,1
"Technically Savvy:   I know my way around a computer pretty well. When anyone in my family needs technical help, I‰Ûªm the one they call.",Croatia,83,75,82,45,14,4,7,2,7,1
Luddite:  Technology scares me! I only use it when I have to.,Canada,82,89,42,16,9,1,9,6,10,2
Luddite:  Technology scares me! I only use it when I have to.,Venezuela,82,48,29,9,4,7,6,3,3,2
Average User:   I know enough to get by.,Pakistan,81,80,81,24,9,2,5,3,13,3
"Technically Savvy:   I know my way around a computer pretty well. When anyone in my family needs technical help, I‰Ûªm the one they call.",Tunisia,81,82,80,37,7,8,5,2,5,5
"Technically Savvy:   I know my way around a computer pretty well. When anyone in my family needs technical help, I‰Ûªm the one they call.",Poland,80,80,80,35,8,5,4,2,2,1
"Ultra Nerd:  I build my own computers, run my own servers, code my own apps. I‰Ûªm basically Mr. Robot.",Indonesia,79,68,63,25,19,20,20,17,20,19
"Technically Savvy:   I know my way around a computer pretty well. When anyone in my family needs technical help, I‰Ûªm the one they call.",Singapore,79,73,78,44,22,6,8,2,13,3
"Technically Savvy:   I know my way around a computer pretty well. When anyone in my family needs technical help, I‰Ûªm the one they call.",Luxembourg,78,80,81,39,23,4,16,4,12,5
"Technically Savvy:   I know my way around a computer pretty well. When anyone in my family needs technical help, I‰Ûªm the one they call.",Israel,78,67,77,22,15,6,7,3,5,1
"Technically Savvy:   I know my way around a computer pretty well. When anyone in my family needs technical help, I‰Ûªm the one they call.",Europe,77,74,78,50,21,5,5,6,3,0
Luddite:  Technology scares me! I only use it when I have to.,Switzerland,77,71,47,19,4,0,4,0,5,1
Average User:   I know enough to get by.,Luxembourg,76,84,80,25,2,2,4,2,6,0
"Ultra Nerd:  I build my own computers, run my own servers, code my own apps. I‰Ûªm basically Mr. Robot.",Ecuador,75,58,61,47,18,21,10,8,20,14
Average User:   I know enough to get by.,Dominican Republic,74,73,76,32,2,5,3,0,3,0
Average User:   I know enough to get by.,Nicaragua,73,65,75,23,2,2,0,0,4,0
"Technically Savvy:   I know my way around a computer pretty well. When anyone in my family needs technical help, I‰Ûªm the one they call.",United Arab Emirates,73,77,76,42,22,2,11,4,12,6
"Technically Savvy:   I know my way around a computer pretty well. When anyone in my family needs technical help, I‰Ûªm the one they call.",Czech Republic,73,71,73,31,8,0,4,0,2,1
"Ultra Nerd:  I build my own computers, run my own servers, code my own apps. I‰Ûªm basically Mr. Robot.",Peru,72,62,63,47,11,11,12,8,11,9
"Ultra Nerd:  I build my own computers, run my own servers, code my own apps. I‰Ûªm basically Mr. Robot.",Morocco,71,57,55,35,12,15,11,8,10,6
Average User:   I know enough to get by.,Tunisia,70,77,63,26,4,2,7,0,6,1
"Ultra Nerd:  I build my own computers, run my own servers, code my own apps. I‰Ûªm basically Mr. Robot.",Greece,70,68,70,34,14,1,7,2,8,0
Average User:   I know enough to get by.,Sweden,70,66,65,25,5,1,6,3,3,0
"Technically Savvy:   I know my way around a computer pretty well. When anyone in my family needs technical help, I‰Ûªm the one they call.",Bulgaria,70,64,66,30,8,1,9,1,4,2
"Ultra Nerd:  I build my own computers, run my own servers, code my own apps. I‰Ûªm basically Mr. Robot.",Algeria,70,62,49,37,19,17,16,17,19,14
"Ultra Nerd:  I build my own computers, run my own servers, code my own apps. I‰Ûªm basically Mr. Robot.",Poland,69,68,65,23,16,6,5,5,3,1
"Technically Savvy:   I know my way around a computer pretty well. When anyone in my family needs technical help, I‰Ûªm the one they call.",Cote D'Ivoire,68,84,76,27,6,6,6,3,6,3
Average User:   I know enough to get by.,Romania,68,68,67,23,5,1,3,1,6,0
"Technically Savvy:   I know my way around a computer pretty well. When anyone in my family needs technical help, I‰Ûªm the one they call.",Turkey,65,67,72,42,11,2,5,1,3,1
"Technically Savvy:   I know my way around a computer pretty well. When anyone in my family needs technical help, I‰Ûªm the one they call.",Panama,64,71,71,42,4,3,6,0,5,1
Luddite:  Technology scares me! I only use it when I have to.,Belgium,64,78,45,21,2,3,6,1,8,3
"Ultra Nerd:  I build my own computers, run my own servers, code my own apps. I‰Ûªm basically Mr. Robot.",South Africa,64,64,66,27,23,5,8,4,11,7
Average User:   I know enough to get by.,Honduras,63,56,67,31,5,8,6,2,5,3
Average User:   I know enough to get by.,Thailand,63,65,62,26,5,3,4,0,4,0
Luddite:  Technology scares me! I only use it when I have to.,Ecuador,60,37,33,14,1,4,1,1,2,3
"Technically Savvy:   I know my way around a computer pretty well. When anyone in my family needs technical help, I‰Ûªm the one they call.",Egypt,59,55,60,21,0,0,0,0,2,0
Average User:   I know enough to get by.,New Caledonia,59,67,61,19,5,3,3,1,7,1
"Technically Savvy:   I know my way around a computer pretty well. When anyone in my family needs technical help, I‰Ûªm the one they call.",Japan,58,59,58,19,9,2,3,1,6,1
Average User:   I know enough to get by.,Cote D'Ivoire,57,85,93,28,1,3,3,2,6,2
"Technically Savvy:   I know my way around a computer pretty well. When anyone in my family needs technical help, I‰Ûªm the one they call.",Cameroon,56,72,65,12,5,5,3,2,3,3
Average User:   I know enough to get by.,Cameroon,56,97,96,10,2,4,1,0,7,0
Luddite:  Technology scares me! I only use it when I have to.,Colombia,56,60,56,28,5,5,6,4,6,6
Average User:   I know enough to get by.,Norway,56,57,57,26,4,2,10,0,4,2
"Ultra Nerd:  I build my own computers, run my own servers, code my own apps. I‰Ûªm basically Mr. Robot.","Iran, Islamic Republic of",55,39,38,21,14,5,8,6,9,10
"Technically Savvy:   I know my way around a computer pretty well. When anyone in my family needs technical help, I‰Ûªm the one they call.",Thailand,55,53,55,29,10,7,3,5,4,4
Average User:   I know enough to get by.,Denmark,54,47,49,18,4,1,3,3,3,2
"Technically Savvy:   I know my way around a computer pretty well. When anyone in my family needs technical help, I‰Ûªm the one they call.",Nepal,54,56,53,25,9,5,0,1,6,4
Average User:   I know enough to get by.,Kenya,54,86,88,37,6,2,6,0,12,5
Average User:   I know enough to get by.,Panama,52,48,56,21,2,2,4,1,3,1
Average User:   I know enough to get by.,Singapore,50,50,55,32,9,4,4,0,3,0
Average User:   I know enough to get by.,Japan,50,48,46,7,7,2,3,1,1,2
"Ultra Nerd:  I build my own computers, run my own servers, code my own apps. I‰Ûªm basically Mr. Robot.",Norway,49,50,50,26,15,6,3,4,5,2
"Ultra Nerd:  I build my own computers, run my own servers, code my own apps. I‰Ûªm basically Mr. Robot.",Finland,49,47,46,22,17,3,0,1,3,2
"Ultra Nerd:  I build my own computers, run my own servers, code my own apps. I‰Ûªm basically Mr. Robot.",Denmark,48,47,48,20,16,3,2,1,1,2
"Technically Savvy:   I know my way around a computer pretty well. When anyone in my family needs technical help, I‰Ûªm the one they call.",Saudi Arabia,47,45,46,18,8,2,3,1,6,2
"Ultra Nerd:  I build my own computers, run my own servers, code my own apps. I‰Ûªm basically Mr. Robot.",New Zealand,46,46,47,24,9,4,6,4,6,3
"Ultra Nerd:  I build my own computers, run my own servers, code my own apps. I‰Ûªm basically Mr. Robot.",Costa Rica,46,46,45,23,7,9,6,4,7,8
"Ultra Nerd:  I build my own computers, run my own servers, code my own apps. I‰Ûªm basically Mr. Robot.",Bangladesh,46,46,33,18,8,7,8,6,7,6
"Technically Savvy:   I know my way around a computer pretty well. When anyone in my family needs technical help, I‰Ûªm the one they call.",Hungary,46,44,42,20,7,1,3,2,2,1
Average User:   I know enough to get by.,Finland,45,49,45,13,9,1,1,1,4,0
"Ultra Nerd:  I build my own computers, run my own servers, code my own apps. I‰Ûªm basically Mr. Robot.",Ireland,45,45,45,23,14,4,5,5,6,4
"Technically Savvy:   I know my way around a computer pretty well. When anyone in my family needs technical help, I‰Ûªm the one they call.",China,44,43,43,22,9,3,1,1,4,1
Luddite:  Technology scares me! I only use it when I have to.,Algeria,44,55,34,16,3,4,4,3,7,3
"Technically Savvy:   I know my way around a computer pretty well. When anyone in my family needs technical help, I‰Ûªm the one they call.",Nicaragua,43,46,47,24,2,2,3,1,2,1
Luddite:  Technology scares me! I only use it when I have to.,Australia,43,56,43,14,4,0,7,0,4,0
"Ultra Nerd:  I build my own computers, run my own servers, code my own apps. I‰Ûªm basically Mr. Robot.",Serbia,43,37,39,14,5,2,4,2,6,3
"Technically Savvy:   I know my way around a computer pretty well. When anyone in my family needs technical help, I‰Ûªm the one they call.",Hong Kong,42,43,43,16,13,4,2,0,4,1
Average User:   I know enough to get by.,Europe,42,43,51,22,10,3,2,0,3,0
"Technically Savvy:   I know my way around a computer pretty well. When anyone in my family needs technical help, I‰Ûªm the one they call.",Slovenia,42,35,41,19,5,1,2,2,0,0
Average User:   I know enough to get by.,"Iran, Islamic Republic of",42,46,48,19,5,1,6,1,4,2
"Ultra Nerd:  I build my own computers, run my own servers, code my own apps. I‰Ûªm basically Mr. Robot.",Russian Federation,42,40,41,19,14,2,3,1,3,2
Average User:   I know enough to get by.,French Polynesia,41,36,32,7,2,2,0,0,3,0
Average User:   I know enough to get by.,Puerto Rico,41,36,42,25,5,4,3,1,2,0
Average User:   I know enough to get by.,Croatia,41,46,48,12,3,1,4,2,1,2
"Technically Savvy:   I know my way around a computer pretty well. When anyone in my family needs technical help, I‰Ûªm the one they call.",Lithuania,39,35,39,18,3,1,0,0,1,0
Average User:   I know enough to get by.,Nigeria,39,69,67,18,5,4,3,1,5,1
"Technically Savvy:   I know my way around a computer pretty well. When anyone in my family needs technical help, I‰Ûªm the one they call.",New Caledonia,38,46,48,16,4,1,2,2,6,1
"Technically Savvy:   I know my way around a computer pretty well. When anyone in my family needs technical help, I‰Ûªm the one they call.",Madagascar,38,55,51,11,3,2,3,0,5,3
Average User:   I know enough to get by.,Hungary,38,41,34,9,7,3,0,0,3,0
"Technically Savvy:   I know my way around a computer pretty well. When anyone in my family needs technical help, I‰Ûªm the one they call.",Sri Lanka,38,38,40,11,3,3,3,1,2,0
"Ultra Nerd:  I build my own computers, run my own servers, code my own apps. I‰Ûªm basically Mr. Robot.",Turkey,38,38,38,20,10,2,5,2,2,2
"Ultra Nerd:  I build my own computers, run my own servers, code my own apps. I‰Ûªm basically Mr. Robot.",Portugal,37,34,37,13,8,1,7,2,3,1
"Technically Savvy:   I know my way around a computer pretty well. When anyone in my family needs technical help, I‰Ûªm the one they call.",Senegal,37,45,45,11,1,4,3,0,2,1
Average User:   I know enough to get by.,Serbia,37,35,37,13,4,1,2,0,1,2
"Ultra Nerd:  I build my own computers, run my own servers, code my own apps. I‰Ûªm basically Mr. Robot.",Guatemala,37,37,35,21,11,5,6,4,10,7
"Technically Savvy:   I know my way around a computer pretty well. When anyone in my family needs technical help, I‰Ûªm the one they call.",Slovakia,36,36,35,15,7,0,2,2,2,0
"Technically Savvy:   I know my way around a computer pretty well. When anyone in my family needs technical help, I‰Ûªm the one they call.",Puerto Rico,35,35,37,19,4,2,1,0,2,2
Average User:   I know enough to get by.,Madagascar,35,69,67,17,1,1,2,0,1,0
Average User:   I know enough to get by.,Israel,34,26,34,11,3,1,2,1,1,0
Average User:   I know enough to get by.,Sri Lanka,33,31,30,9,1,1,1,1,2,0
Average User:   I know enough to get by.,Senegal,33,53,49,16,4,3,1,0,6,1
"Ultra Nerd:  I build my own computers, run my own servers, code my own apps. I‰Ûªm basically Mr. Robot.",Philippines,32,27,24,14,5,3,5,2,3,4
Average User:   I know enough to get by.,Bulgaria,32,31,30,9,2,1,1,2,0,1
"Ultra Nerd:  I build my own computers, run my own servers, code my own apps. I‰Ûªm basically Mr. Robot.",Bulgaria,32,31,32,16,6,1,3,2,4,2
Average User:   I know enough to get by.,Nepal,32,28,23,6,1,2,0,1,5,1
"Technically Savvy:   I know my way around a computer pretty well. When anyone in my family needs technical help, I‰Ûªm the one they call.",Vietnam,32,34,33,16,1,2,0,0,3,1
Average User:   I know enough to get by.,Guadeloupe,32,49,49,11,3,0,1,1,3,0
"Technically Savvy:   I know my way around a computer pretty well. When anyone in my family needs technical help, I‰Ûªm the one they call.",French Polynesia,32,32,31,13,7,1,1,1,1,0
Luddite:  Technology scares me! I only use it when I have to.,Peru,31,19,21,15,2,2,3,1,4,2
"Ultra Nerd:  I build my own computers, run my own servers, code my own apps. I‰Ûªm basically Mr. Robot.",Croatia,31,31,32,15,9,0,4,3,3,1
Average User:   I know enough to get by.,Martinique,31,40,38,10,4,4,4,1,3,0
"Technically Savvy:   I know my way around a computer pretty well. When anyone in my family needs technical help, I‰Ûªm the one they call.",Estonia,31,26,31,13,10,1,1,0,1,3
"Ultra Nerd:  I build my own computers, run my own servers, code my own apps. I‰Ûªm basically Mr. Robot.",Czech Republic,31,32,31,13,5,1,1,3,3,0
"Ultra Nerd:  I build my own computers, run my own servers, code my own apps. I‰Ûªm basically Mr. Robot.",Ukraine,31,29,29,12,8,0,0,2,3,0
Average User:   I know enough to get by.,Egypt,30,28,28,9,6,2,5,2,4,2
"Technically Savvy:   I know my way around a computer pretty well. When anyone in my family needs technical help, I‰Ûªm the one they call.",Martinique,30,32,31,12,8,7,3,1,2,3
Luddite:  Technology scares me! I only use it when I have to.,Indonesia,30,28,29,8,4,3,3,2,3,3
"Ultra Nerd:  I build my own computers, run my own servers, code my own apps. I‰Ûªm basically Mr. Robot.",Tunisia,30,32,27,12,6,2,1,2,3,3
"Technically Savvy:   I know my way around a computer pretty well. When anyone in my family needs technical help, I‰Ûªm the one they call.",Ghana,30,40,39,14,2,4,3,1,11,2
"Ultra Nerd:  I build my own computers, run my own servers, code my own apps. I‰Ûªm basically Mr. Robot.",Japan,29,30,26,16,12,3,2,1,1,3
Luddite:  Technology scares me! I only use it when I have to.,Chile,28,23,24,10,0,0,0,0,1,0
"Ultra Nerd:  I build my own computers, run my own servers, code my own apps. I‰Ûªm basically Mr. Robot.",Israel,28,28,26,10,9,3,2,0,3,1
Average User:   I know enough to get by.,China,28,31,31,11,2,1,3,0,2,1
"Ultra Nerd:  I build my own computers, run my own servers, code my own apps. I‰Ûªm basically Mr. Robot.",Pakistan,27,26,26,15,9,5,5,4,8,4
"Ultra Nerd:  I build my own computers, run my own servers, code my own apps. I‰Ûªm basically Mr. Robot.",Cote D'Ivoire,27,25,22,13,5,5,4,4,5,2
"Technically Savvy:   I know my way around a computer pretty well. When anyone in my family needs technical help, I‰Ûªm the one they call.",Bosnia and Herzegovina,27,24,28,14,1,1,0,0,1,0
"Technically Savvy:   I know my way around a computer pretty well. When anyone in my family needs technical help, I‰Ûªm the one they call.",Mauritius,27,27,26,15,4,1,3,0,4,0
"Ultra Nerd:  I build my own computers, run my own servers, code my own apps. I‰Ûªm basically Mr. Robot.",Uruguay,27,24,25,15,2,3,2,3,4,3
"Technically Savvy:   I know my way around a computer pretty well. When anyone in my family needs technical help, I‰Ûªm the one they call.",Lebanon,26,25,26,11,3,1,3,0,0,0
Average User:   I know enough to get by.,Czech Republic,26,27,24,10,1,0,1,1,0,0
Average User:   I know enough to get by.,United Arab Emirates,26,32,33,12,6,0,2,1,4,0
"Ultra Nerd:  I build my own computers, run my own servers, code my own apps. I‰Ûªm basically Mr. Robot.",Thailand,26,19,18,8,6,5,2,3,3,3
Average User:   I know enough to get by.,Poland,25,24,24,10,3,1,6,1,2,0
Average User:   I know enough to get by.,Russian Federation,25,23,27,2,4,0,2,0,3,0
Luddite:  Technology scares me! I only use it when I have to.,Austria,25,28,27,3,1,0,1,0,4,2
"Ultra Nerd:  I build my own computers, run my own servers, code my own apps. I‰Ûªm basically Mr. Robot.",El Salvador,24,24,24,11,3,7,3,3,4,2
Average User:   I know enough to get by.,Vietnam,24,24,28,16,3,1,1,0,1,0
Average User:   I know enough to get by.,Benin,24,34,29,9,2,1,1,0,1,0
"Technically Savvy:   I know my way around a computer pretty well. When anyone in my family needs technical help, I‰Ûªm the one they call.",Taiwan,23,23,24,7,9,0,0,1,0,0
"Ultra Nerd:  I build my own computers, run my own servers, code my own apps. I‰Ûªm basically Mr. Robot.",Luxembourg,23,22,23,14,5,0,3,0,1,1
Average User:   I know enough to get by.,Mauritius,23,25,23,11,2,1,2,1,1,0
"Ultra Nerd:  I build my own computers, run my own servers, code my own apps. I‰Ûªm basically Mr. Robot.",Bolivia,23,23,22,17,2,4,2,1,5,3
"Ultra Nerd:  I build my own computers, run my own servers, code my own apps. I‰Ûªm basically Mr. Robot.",Reunion,23,24,23,8,1,1,2,0,0,0
"Technically Savvy:   I know my way around a computer pretty well. When anyone in my family needs technical help, I‰Ûªm the one they call.",Latvia,22,20,26,11,3,1,0,0,2,0
"Technically Savvy:   I know my way around a computer pretty well. When anyone in my family needs technical help, I‰Ûªm the one they call.",Albania,22,25,26,15,1,1,2,2,2,1
Luddite:  Technology scares me! I only use it when I have to.,Morocco,21,19,12,10,5,4,5,4,5,5
"Ultra Nerd:  I build my own computers, run my own servers, code my own apps. I‰Ûªm basically Mr. Robot.",Europe,21,21,21,12,9,3,7,5,2,2
"Ultra Nerd:  I build my own computers, run my own servers, code my own apps. I‰Ûªm basically Mr. Robot.",Hungary,21,19,21,11,3,3,0,1,0,0
"Technically Savvy:   I know my way around a computer pretty well. When anyone in my family needs technical help, I‰Ûªm the one they call.",Ukraine,21,24,25,5,3,0,0,0,1,0
"Ultra Nerd:  I build my own computers, run my own servers, code my own apps. I‰Ûªm basically Mr. Robot.",Malaysia,21,21,22,9,11,6,6,3,5,4
Luddite:  Technology scares me! I only use it when I have to.,Reunion,21,31,21,6,1,1,0,0,1,0
"Technically Savvy:   I know my way around a computer pretty well. When anyone in my family needs technical help, I‰Ûªm the one they call.",Guadeloupe,20,25,23,4,3,1,0,0,2,0
Average User:   I know enough to get by.,Turkey,20,24,19,9,1,0,1,0,2,0
"Technically Savvy:   I know my way around a computer pretty well. When anyone in my family needs technical help, I‰Ûªm the one they call.",Uganda,20,28,28,3,2,0,1,0,3,0
"Technically Savvy:   I know my way around a computer pretty well. When anyone in my family needs technical help, I‰Ûªm the one they call.","Korea, Republic of",20,23,22,7,6,2,2,2,3,3
"Ultra Nerd:  I build my own computers, run my own servers, code my own apps. I‰Ûªm basically Mr. Robot.",Honduras,20,18,18,13,5,3,4,2,4,2
"Technically Savvy:   I know my way around a computer pretty well. When anyone in my family needs technical help, I‰Ûªm the one they call.",Zimbabwe,20,25,24,4,3,0,0,0,1,1
"Technically Savvy:   I know my way around a computer pretty well. When anyone in my family needs technical help, I‰Ûªm the one they call.",Benin,19,25,23,11,2,2,1,1,3,0
"Ultra Nerd:  I build my own computers, run my own servers, code my own apps. I‰Ûªm basically Mr. Robot.",Egypt,19,17,13,6,3,2,2,2,3,3
"Ultra Nerd:  I build my own computers, run my own servers, code my own apps. I‰Ûªm basically Mr. Robot.",Paraguay,18,16,15,9,1,1,1,0,1,1
Average User:   I know enough to get by.,French Guiana,18,19,19,5,3,1,0,0,2,1
"Technically Savvy:   I know my way around a computer pretty well. When anyone in my family needs technical help, I‰Ûªm the one they call.",Anonymous Proxy,18,19,18,11,1,3,3,3,2,0
"Ultra Nerd:  I build my own computers, run my own servers, code my own apps. I‰Ûªm basically Mr. Robot.",Singapore,17,17,18,9,9,6,3,2,4,3
"Ultra Nerd:  I build my own computers, run my own servers, code my own apps. I‰Ûªm basically Mr. Robot.",Vietnam,17,16,15,9,1,0,0,1,2,0
Luddite:  Technology scares me! I only use it when I have to.,Bangladesh,17,11,11,2,1,1,1,1,0,1
Luddite:  Technology scares me! I only use it when I have to.,Uruguay,17,15,15,5,0,1,0,0,2,0
Average User:   I know enough to get by.,Saudi Arabia,17,18,18,6,2,0,0,0,2,0
"Technically Savvy:   I know my way around a computer pretty well. When anyone in my family needs technical help, I‰Ûªm the one they call.",Belarus,17,15,16,7,3,0,1,0,1,0
"Ultra Nerd:  I build my own computers, run my own servers, code my own apps. I‰Ûªm basically Mr. Robot.",Nepal,16,13,12,8,5,6,5,5,6,6
"Ultra Nerd:  I build my own computers, run my own servers, code my own apps. I‰Ûªm basically Mr. Robot.",United Arab Emirates,16,16,16,10,6,1,3,2,5,0
"Technically Savvy:   I know my way around a computer pretty well. When anyone in my family needs technical help, I‰Ûªm the one they call.",Qatar,16,17,16,7,3,1,1,0,1,0
Average User:   I know enough to get by.,Jamaica,16,15,19,7,0,1,0,0,0,0
"Technically Savvy:   I know my way around a computer pretty well. When anyone in my family needs technical help, I‰Ûªm the one they call.",Gabon,16,16,17,2,2,2,0,0,4,0
Luddite:  Technology scares me! I only use it when I have to.,New Zealand,16,13,12,7,0,0,1,0,0,0
Luddite:  Technology scares me! I only use it when I have to.,Pakistan,16,15,14,4,0,1,2,1,2,0
Luddite:  Technology scares me! I only use it when I have to.,"Iran, Islamic Republic of",16,6,7,7,4,4,5,4,4,4
"Ultra Nerd:  I build my own computers, run my own servers, code my own apps. I‰Ûªm basically Mr. Robot.",Kenya,16,17,17,11,5,5,4,2,4,5
"Technically Savvy:   I know my way around a computer pretty well. When anyone in my family needs technical help, I‰Ûªm the one they call.","Tanzania, United Republic of",16,22,21,7,5,1,1,1,3,2
"Ultra Nerd:  I build my own computers, run my own servers, code my own apps. I‰Ûªm basically Mr. Robot.",China,16,14,16,4,3,2,0,2,1,0
"Technically Savvy:   I know my way around a computer pretty well. When anyone in my family needs technical help, I‰Ûªm the one they call.",Trinidad and Tobago,16,15,16,12,4,1,1,0,2,0
"Ultra Nerd:  I build my own computers, run my own servers, code my own apps. I‰Ûªm basically Mr. Robot.",Dominican Republic,15,14,16,11,3,4,3,2,3,4
Average User:   I know enough to get by.,Hong Kong,15,14,15,7,2,0,0,0,1,0
"Technically Savvy:   I know my way around a computer pretty well. When anyone in my family needs technical help, I‰Ûªm the one they call.",Jordan,15,14,15,5,0,1,3,0,1,0
"Technically Savvy:   I know my way around a computer pretty well. When anyone in my family needs technical help, I‰Ûªm the one they call.",Macedonia,15,15,16,5,0,0,0,0,1,0
Luddite:  Technology scares me! I only use it when I have to.,Guatemala,15,8,10,1,1,1,0,0,0,0
Average User:   I know enough to get by.,Ghana,15,25,26,5,0,1,1,1,4,0
Average User:   I know enough to get by.,Slovenia,14,13,15,5,2,0,1,0,0,0
Average User:   I know enough to get by.,Albania,14,16,17,7,2,1,1,0,1,1
Average User:   I know enough to get by.,Cyprus,14,15,13,5,2,0,0,0,1,0
"Technically Savvy:   I know my way around a computer pretty well. When anyone in my family needs technical help, I‰Ûªm the one they call.",Iceland,14,14,12,8,3,0,0,0,0,0
"Technically Savvy:   I know my way around a computer pretty well. When anyone in my family needs technical help, I‰Ûªm the one they call.",Cuba,14,32,24,0,0,2,0,0,0,0
Average User:   I know enough to get by.,Bosnia and Herzegovina,13,8,13,6,0,0,1,0,0,0
Luddite:  Technology scares me! I only use it when I have to.,Costa Rica,13,9,7,5,1,1,1,1,1,0
"Technically Savvy:   I know my way around a computer pretty well. When anyone in my family needs technical help, I‰Ûªm the one they call.",Mali,13,21,20,7,1,0,0,0,1,0
"Technically Savvy:   I know my way around a computer pretty well. When anyone in my family needs technical help, I‰Ûªm the one they call.",Malta,13,12,13,9,7,2,2,1,2,2
"Ultra Nerd:  I build my own computers, run my own servers, code my own apps. I‰Ûªm basically Mr. Robot.",Slovakia,13,14,12,4,1,0,1,0,0,0
Average User:   I know enough to get by.,Togo,13,21,18,6,0,0,2,0,1,0
"Technically Savvy:   I know my way around a computer pretty well. When anyone in my family needs technical help, I‰Ûªm the one they call.",Iraq,13,14,12,7,2,2,1,1,4,2
"Ultra Nerd:  I build my own computers, run my own servers, code my own apps. I‰Ûªm basically Mr. Robot.",Hong Kong,13,10,11,7,5,0,0,1,1,0
"Ultra Nerd:  I build my own computers, run my own servers, code my own apps. I‰Ûªm basically Mr. Robot.",Martinique,12,14,13,6,0,2,2,1,3,0
Average User:   I know enough to get by.,Zimbabwe,12,18,17,4,1,0,0,0,0,0
"Technically Savvy:   I know my way around a computer pretty well. When anyone in my family needs technical help, I‰Ûªm the one they call.","Congo, The Democratic Republic of the",12,14,14,6,2,2,0,0,0,0
"Technically Savvy:   I know my way around a computer pretty well. When anyone in my family needs technical help, I‰Ûªm the one they call.",French Guiana,12,19,13,6,2,0,2,0,0,1
Average User:   I know enough to get by.,Trinidad and Tobago,12,11,11,6,0,0,0,0,0,0
Average User:   I know enough to get by.,Cambodia,12,16,14,3,1,0,0,0,1,0
Luddite:  Technology scares me! I only use it when I have to.,Bolivia,12,14,14,3,0,1,1,0,0,0
Average User:   I know enough to get by.,Myanmar,12,26,21,3,1,1,1,1,2,1
Luddite:  Technology scares me! I only use it when I have to.,El Salvador,12,10,12,3,1,1,1,1,2,1
"Technically Savvy:   I know my way around a computer pretty well. When anyone in my family needs technical help, I‰Ûªm the one they call.",Cyprus,12,12,12,6,4,0,0,0,0,0
"Technically Savvy:   I know my way around a computer pretty well. When anyone in my family needs technical help, I‰Ûªm the one they call.",Myanmar,11,19,19,6,3,1,1,1,2,1
Luddite:  Technology scares me! I only use it when I have to.,Netherlands,11,13,7,3,0,0,0,1,1,1
"Technically Savvy:   I know my way around a computer pretty well. When anyone in my family needs technical help, I‰Ûªm the one they call.",Monaco,11,12,12,5,2,0,2,1,2,0
"Ultra Nerd:  I build my own computers, run my own servers, code my own apps. I‰Ûªm basically Mr. Robot.",Senegal,11,11,8,2,1,2,1,1,2,1
Luddite:  Technology scares me! I only use it when I have to.,Nicaragua,11,8,9,5,0,1,0,0,0,0
"Technically Savvy:   I know my way around a computer pretty well. When anyone in my family needs technical help, I‰Ûªm the one they call.",Bahrain,11,11,11,4,2,2,0,0,1,0
Average User:   I know enough to get by.,Slovakia,11,11,10,5,1,0,0,1,0,0
"Ultra Nerd:  I build my own computers, run my own servers, code my own apps. I‰Ûªm basically Mr. Robot.",Slovenia,11,10,11,5,1,0,0,0,1,0
"Technically Savvy:   I know my way around a computer pretty well. When anyone in my family needs technical help, I‰Ûªm the one they call.",Togo,11,17,15,1,0,0,0,0,2,0
Luddite:  Technology scares me! I only use it when I have to.,South Africa,11,9,9,1,0,0,0,0,1,0
Average User:   I know enough to get by.,Ukraine,11,13,10,5,0,2,1,0,1,0
Average User:   I know enough to get by.,Malta,11,15,10,5,1,1,0,0,6,0
Average User:   I know enough to get by.,Uganda,11,16,16,3,0,0,0,0,1,0
"Technically Savvy:   I know my way around a computer pretty well. When anyone in my family needs technical help, I‰Ûªm the one they call.",Montenegro,10,8,10,7,3,1,1,1,1,0
Luddite:  Technology scares me! I only use it when I have to.,Philippines,10,8,11,6,0,0,0,0,0,0
Average User:   I know enough to get by.,"Tanzania, United Republic of",10,19,19,5,0,1,2,0,2,0
"Ultra Nerd:  I build my own computers, run my own servers, code my own apps. I‰Ûªm basically Mr. Robot.",Saudi Arabia,10,5,8,6,2,0,2,0,0,1
"Ultra Nerd:  I build my own computers, run my own servers, code my own apps. I‰Ûªm basically Mr. Robot.",Nicaragua,10,8,8,3,1,0,0,0,0,0
"Ultra Nerd:  I build my own computers, run my own servers, code my own apps. I‰Ûªm basically Mr. Robot.",Taiwan,10,10,11,4,3,2,1,0,1,1
"Ultra Nerd:  I build my own computers, run my own servers, code my own apps. I‰Ûªm basically Mr. Robot.",Lithuania,10,9,10,6,2,1,2,1,2,2
"Ultra Nerd:  I build my own computers, run my own servers, code my own apps. I‰Ûªm basically Mr. Robot.",Guadeloupe,10,13,11,3,2,2,2,1,2,1
Average User:   I know enough to get by.,Lithuania,10,10,11,5,5,0,1,0,2,0
Average User:   I know enough to get by.,"Congo, The Democratic Republic of the",9,18,12,4,0,0,1,0,0,0
"Technically Savvy:   I know my way around a computer pretty well. When anyone in my family needs technical help, I‰Ûªm the one they call.",Cambodia,9,12,11,4,1,0,1,1,1,1
Average User:   I know enough to get by.,Gabon,9,18,17,2,0,1,0,0,1,0
Average User:   I know enough to get by.,Cuba,9,23,13,0,0,0,0,0,0,0
"Technically Savvy:   I know my way around a computer pretty well. When anyone in my family needs technical help, I‰Ûªm the one they call.",Kuwait,9,9,9,4,2,0,1,0,0,0
Average User:   I know enough to get by.,Angola,9,5,8,3,0,0,0,0,0,0
Luddite:  Technology scares me! I only use it when I have to.,Nepal,9,8,9,2,1,1,0,0,1,0
"Ultra Nerd:  I build my own computers, run my own servers, code my own apps. I‰Ûªm basically Mr. Robot.",Sri Lanka,9,8,8,3,1,1,3,2,2,2
"Ultra Nerd:  I build my own computers, run my own servers, code my own apps. I‰Ûªm basically Mr. Robot.",Cameroon,9,12,9,3,3,4,3,2,2,3
Average User:   I know enough to get by.,Taiwan,9,10,9,5,3,1,2,1,2,2
Average User:   I know enough to get by.,Kuwait,9,8,9,1,1,0,0,0,1,0
"Ultra Nerd:  I build my own computers, run my own servers, code my own apps. I‰Ûªm basically Mr. Robot.",Malta,9,9,8,4,1,1,0,1,1,1
"Technically Savvy:   I know my way around a computer pretty well. When anyone in my family needs technical help, I‰Ûªm the one they call.",Oman,9,10,9,4,1,1,0,0,0,0
Luddite:  Technology scares me! I only use it when I have to.,Tunisia,9,9,6,3,1,1,1,2,1,1
Luddite:  Technology scares me! I only use it when I have to.,Panama,9,5,6,4,1,0,1,0,1,0
Average User:   I know enough to get by.,Mali,9,20,11,6,0,1,0,0,2,1
Average User:   I know enough to get by.,Lebanon,9,12,10,1,0,0,0,0,0,0
Average User:   I know enough to get by.,Namibia,9,9,7,3,0,0,1,0,2,0
"Ultra Nerd:  I build my own computers, run my own servers, code my own apps. I‰Ûªm basically Mr. Robot.",Nigeria,8,8,4,2,2,2,0,0,2,1
Average User:   I know enough to get by.,Estonia,8,8,8,6,1,0,2,0,1,0
Average User:   I know enough to get by.,Ethiopia,8,6,6,0,0,0,0,0,0,0
Average User:   I know enough to get by.,Isle of Man,8,7,4,3,0,1,0,1,0,0
"Technically Savvy:   I know my way around a computer pretty well. When anyone in my family needs technical help, I‰Ûªm the one they call.",Zambia,8,7,7,1,1,0,1,0,1,1
"Ultra Nerd:  I build my own computers, run my own servers, code my own apps. I‰Ûªm basically Mr. Robot.",Panama,8,8,8,6,1,1,0,0,0,0
"Ultra Nerd:  I build my own computers, run my own servers, code my own apps. I‰Ûªm basically Mr. Robot.",Estonia,8,8,9,1,1,0,0,0,0,0
"Ultra Nerd:  I build my own computers, run my own servers, code my own apps. I‰Ûªm basically Mr. Robot.",Anonymous Proxy,8,8,6,2,0,0,1,0,0,0
Luddite:  Technology scares me! I only use it when I have to.,Cameroon,8,12,10,2,1,1,0,0,0,1
Average User:   I know enough to get by.,Zambia,8,11,11,3,2,1,2,0,0,0
"Ultra Nerd:  I build my own computers, run my own servers, code my own apps. I‰Ûªm basically Mr. Robot.",Bosnia and Herzegovina,8,9,9,6,1,1,1,1,2,2
"Technically Savvy:   I know my way around a computer pretty well. When anyone in my family needs technical help, I‰Ûªm the one they call.",Syrian Arab Republic,8,7,8,2,0,0,2,0,0,0
"Technically Savvy:   I know my way around a computer pretty well. When anyone in my family needs technical help, I‰Ûªm the one they call.",Guyana,8,8,7,2,1,1,0,0,0,0
"Technically Savvy:   I know my way around a computer pretty well. When anyone in my family needs technical help, I‰Ûªm the one they call.",Haiti,8,10,9,3,0,0,0,0,0,0
Luddite:  Technology scares me! I only use it when I have to.,Cote D'Ivoire,8,10,7,0,0,0,1,0,2,0
Luddite:  Technology scares me! I only use it when I have to.,Paraguay,8,5,10,0,0,0,0,0,0,1
"Ultra Nerd:  I build my own computers, run my own servers, code my own apps. I‰Ûªm basically Mr. Robot.",Cyprus,7,6,7,4,4,0,1,0,1,1
"Ultra Nerd:  I build my own computers, run my own servers, code my own apps. I‰Ûªm basically Mr. Robot.",Albania,7,7,6,3,1,0,1,0,2,1
"Technically Savvy:   I know my way around a computer pretty well. When anyone in my family needs technical help, I‰Ûªm the one they call.",Asia/Pacific Region,7,7,6,4,1,0,0,0,1,1
"Ultra Nerd:  I build my own computers, run my own servers, code my own apps. I‰Ûªm basically Mr. Robot.",Iraq,7,4,4,2,1,1,1,1,1,1
Luddite:  Technology scares me! I only use it when I have to.,Ireland,7,7,4,2,1,0,0,0,0,0
"Ultra Nerd:  I build my own computers, run my own servers, code my own apps. I‰Ûªm basically Mr. Robot.",Madagascar,7,9,9,2,1,1,1,0,0,0
Average User:   I know enough to get by.,"Korea, Republic of",7,10,8,0,0,0,0,0,0,0
"Technically Savvy:   I know my way around a computer pretty well. When anyone in my family needs technical help, I‰Ûªm the one they call.",San Marino,7,6,5,2,0,0,1,0,1,0
"Ultra Nerd:  I build my own computers, run my own servers, code my own apps. I‰Ûªm basically Mr. Robot.",Puerto Rico,7,7,6,4,1,1,1,0,0,2
Average User:   I know enough to get by.,Mozambique,7,10,12,2,3,0,0,0,0,0
Average User:   I know enough to get by.,Qatar,7,9,10,3,2,0,1,0,0,0
Luddite:  Technology scares me! I only use it when I have to.,Malaysia,7,7,11,1,0,2,0,0,0,0
Average User:   I know enough to get by.,Burkina Faso,7,27,19,3,0,0,1,0,1,0
Average User:   I know enough to get by.,Mayotte,6,9,10,0,1,2,0,0,0,0
Average User:   I know enough to get by.,San Marino,6,6,6,3,0,0,0,0,0,0
Luddite:  Technology scares me! I only use it when I have to.,Senegal,6,7,7,3,2,2,2,2,2,2
"Ultra Nerd:  I build my own computers, run my own servers, code my own apps. I‰Ûªm basically Mr. Robot.",New Caledonia,6,5,6,4,0,0,0,0,0,0
"Ultra Nerd:  I build my own computers, run my own servers, code my own apps. I‰Ûªm basically Mr. Robot.",Jordan,6,5,5,3,1,1,0,0,0,0
Luddite:  Technology scares me! I only use it when I have to.,Portugal,6,7,3,1,0,1,0,0,1,0
Luddite:  Technology scares me! I only use it when I have to.,Luxembourg,6,10,8,3,1,0,3,0,1,0
"Ultra Nerd:  I build my own computers, run my own servers, code my own apps. I‰Ûªm basically Mr. Robot.","Korea, Republic of",6,6,6,2,4,0,1,0,1,0
"Ultra Nerd:  I build my own computers, run my own servers, code my own apps. I‰Ûªm basically Mr. Robot.",Iceland,6,6,6,4,2,2,0,0,0,0
"Technically Savvy:   I know my way around a computer pretty well. When anyone in my family needs technical help, I‰Ûªm the one they call.",Jamaica,6,6,6,3,1,0,1,0,1,0
Average User:   I know enough to get by.,Guyana,6,7,7,5,1,1,0,0,0,0
"Ultra Nerd:  I build my own computers, run my own servers, code my own apps. I‰Ûªm basically Mr. Robot.",Ghana,6,6,6,3,1,2,2,0,0,0
"Technically Savvy:   I know my way around a computer pretty well. When anyone in my family needs technical help, I‰Ûªm the one they call.",Namibia,6,6,6,2,2,1,0,0,0,1
"Technically Savvy:   I know my way around a computer pretty well. When anyone in my family needs technical help, I‰Ûªm the one they call.",Fiji,6,6,6,2,1,1,1,1,2,1
"Technically Savvy:   I know my way around a computer pretty well. When anyone in my family needs technical help, I‰Ûªm the one they call.",Barbados,6,6,6,3,0,0,0,0,0,0
"Ultra Nerd:  I build my own computers, run my own servers, code my own apps. I‰Ûªm basically Mr. Robot.",Lebanon,6,5,5,1,1,0,0,0,1,0
Average User:   I know enough to get by.,Guinea,6,17,11,2,0,2,1,0,1,0
"Technically Savvy:   I know my way around a computer pretty well. When anyone in my family needs technical help, I‰Ûªm the one they call.",Liechtenstein,6,6,6,3,0,0,0,1,1,1
Average User:   I know enough to get by.,Jersey,6,7,6,2,2,0,0,0,1,1
"Ultra Nerd:  I build my own computers, run my own servers, code my own apps. I‰Ûªm basically Mr. Robot.",Macedonia,6,6,6,2,1,2,2,1,1,1
Average User:   I know enough to get by.,Latvia,6,6,5,2,0,0,0,0,0,0
"Technically Savvy:   I know my way around a computer pretty well. When anyone in my family needs technical help, I‰Ûªm the one they call.",Maldives,6,6,6,3,0,0,1,0,2,1
"Ultra Nerd:  I build my own computers, run my own servers, code my own apps. I‰Ûªm basically Mr. Robot.",Benin,6,7,7,4,2,2,1,1,1,1
Average User:   I know enough to get by.,Niger,6,13,8,0,0,1,0,0,0,0
"Ultra Nerd:  I build my own computers, run my own servers, code my own apps. I‰Ûªm basically Mr. Robot.",Myanmar,5,7,4,1,0,0,0,0,1,0
"Technically Savvy:   I know my way around a computer pretty well. When anyone in my family needs technical help, I‰Ûªm the one they call.",Sudan,5,7,5,0,1,1,0,0,0,0
"Ultra Nerd:  I build my own computers, run my own servers, code my own apps. I‰Ûªm basically Mr. Robot.",Cambodia,5,4,3,2,2,2,3,2,3,2
"Ultra Nerd:  I build my own computers, run my own servers, code my own apps. I‰Ûªm basically Mr. Robot.",Mauritius,5,4,5,2,1,1,1,0,1,1
"Ultra Nerd:  I build my own computers, run my own servers, code my own apps. I‰Ûªm basically Mr. Robot.",Mongolia,5,4,4,2,2,2,1,1,1,1
"Ultra Nerd:  I build my own computers, run my own servers, code my own apps. I‰Ûªm basically Mr. Robot.",Belarus,5,5,5,1,0,0,0,0,0,0
"Ultra Nerd:  I build my own computers, run my own servers, code my own apps. I‰Ûªm basically Mr. Robot.",French Polynesia,5,6,6,3,1,0,0,0,0,0
"Ultra Nerd:  I build my own computers, run my own servers, code my own apps. I‰Ûªm basically Mr. Robot.","Tanzania, United Republic of",5,8,6,3,4,4,2,2,2,3
"Technically Savvy:   I know my way around a computer pretty well. When anyone in my family needs technical help, I‰Ûªm the one they call.",Kazakhstan,5,6,6,3,3,0,0,0,0,0
"Ultra Nerd:  I build my own computers, run my own servers, code my own apps. I‰Ûªm basically Mr. Robot.",Latvia,5,5,5,1,2,0,0,0,0,0
"Ultra Nerd:  I build my own computers, run my own servers, code my own apps. I‰Ûªm basically Mr. Robot.",Cuba,5,9,8,2,0,1,1,1,1,1
"Ultra Nerd:  I build my own computers, run my own servers, code my own apps. I‰Ûªm basically Mr. Robot.",Zimbabwe,5,5,5,3,2,0,0,0,0,0
"Technically Savvy:   I know my way around a computer pretty well. When anyone in my family needs technical help, I‰Ûªm the one they call.",Bahamas,5,5,4,3,0,0,0,0,0,0
Average User:   I know enough to get by.,Guernsey,5,4,2,1,0,0,0,0,0,0
Average User:   I know enough to get by.,Rwanda,5,6,5,1,1,0,0,0,1,0
Average User:   I know enough to get by.,Jordan,5,5,4,0,0,0,0,0,0,0
"Technically Savvy:   I know my way around a computer pretty well. When anyone in my family needs technical help, I‰Ûªm the one they call.",Angola,5,6,8,2,2,2,1,0,1,0
"Technically Savvy:   I know my way around a computer pretty well. When anyone in my family needs technical help, I‰Ûªm the one they call.",Brunei Darussalam,5,5,5,3,3,0,1,0,1,1
Luddite:  Technology scares me! I only use it when I have to.,Puerto Rico,5,4,3,2,1,0,0,0,0,0
Luddite:  Technology scares me! I only use it when I have to.,French Polynesia,5,3,2,0,0,0,0,0,1,0
Average User:   I know enough to get by.,Iceland,5,7,8,2,0,1,0,0,0,0
Luddite:  Technology scares me! I only use it when I have to.,Greece,5,5,6,1,0,0,1,0,0,0
Average User:   I know enough to get by.,Haiti,5,8,7,0,0,1,0,0,0,0
Average User:   I know enough to get by.,Barbados,5,5,5,2,4,2,0,0,1,0
Average User:   I know enough to get by.,Monaco,5,9,7,1,1,1,0,1,3,0
Average User:   I know enough to get by.,Oman,5,5,5,2,1,0,0,0,1,0
Average User:   I know enough to get by.,Brunei Darussalam,5,7,7,0,0,1,0,0,1,0
Luddite:  Technology scares me! I only use it when I have to.,Sweden,5,6,4,0,0,0,0,0,0,0
Average User:   I know enough to get by.,Chad,5,6,6,0,0,0,0,1,2,1
Average User:   I know enough to get by.,Fiji,5,7,6,2,1,0,0,0,1,0
Luddite:  Technology scares me! I only use it when I have to.,Egypt,5,6,3,2,2,2,2,2,2,2
"Technically Savvy:   I know my way around a computer pretty well. When anyone in my family needs technical help, I‰Ûªm the one they call.",Mongolia,4,4,4,1,1,2,0,0,0,0
"Technically Savvy:   I know my way around a computer pretty well. When anyone in my family needs technical help, I‰Ûªm the one they call.",Armenia,4,4,4,2,1,0,1,1,0,0
Luddite:  Technology scares me! I only use it when I have to.,Singapore,4,5,5,3,2,1,1,1,2,2
"Technically Savvy:   I know my way around a computer pretty well. When anyone in my family needs technical help, I‰Ûªm the one they call.",Afghanistan,4,4,3,2,0,0,0,0,0,0
"Technically Savvy:   I know my way around a computer pretty well. When anyone in my family needs technical help, I‰Ûªm the one they call.",Saint Pierre and Miquelon,4,3,4,0,0,0,0,0,0,0
Luddite:  Technology scares me! I only use it when I have to.,Russian Federation,4,4,5,1,0,2,1,1,1,1
Luddite:  Technology scares me! I only use it when I have to.,Thailand,4,6,5,0,1,0,0,0,1,0
Average User:   I know enough to get by.,Burundi,4,6,6,1,0,0,0,0,1,0
Average User:   I know enough to get by.,Lao People's Democratic Republic,4,2,2,0,0,0,0,0,0,0
Luddite:  Technology scares me! I only use it when I have to.,Turkey,4,4,4,2,1,1,1,1,1,1
"Ultra Nerd:  I build my own computers, run my own servers, code my own apps. I‰Ûªm basically Mr. Robot.","Congo, The Democratic Republic of the",4,6,6,1,0,1,0,1,0,1
Luddite:  Technology scares me! I only use it when I have to.,"Korea, Republic of",4,1,4,0,0,0,0,0,0,0
"Technically Savvy:   I know my way around a computer pretty well. When anyone in my family needs technical help, I‰Ûªm the one they call.",Palestinian Territory,4,4,4,2,2,1,1,1,1,1
Average User:   I know enough to get by.,Malawi,4,4,5,1,0,0,0,0,0,0
"Technically Savvy:   I know my way around a computer pretty well. When anyone in my family needs technical help, I‰Ûªm the one they call.",Ethiopia,4,6,6,0,1,0,0,0,1,0
"Technically Savvy:   I know my way around a computer pretty well. When anyone in my family needs technical help, I‰Ûªm the one they call.",Congo,4,5,5,5,0,0,0,0,0,0
Luddite:  Technology scares me! I only use it when I have to.,Israel,4,3,3,0,0,0,1,0,0,0
"Technically Savvy:   I know my way around a computer pretty well. When anyone in my family needs technical help, I‰Ûªm the one they call.",Mayotte,4,6,3,0,0,1,0,0,0,0
Average User:   I know enough to get by.,Iraq,4,4,4,2,0,0,0,0,0,0
"Technically Savvy:   I know my way around a computer pretty well. When anyone in my family needs technical help, I‰Ûªm the one they call.",Georgia,4,6,6,1,0,1,0,0,0,0
Average User:   I know enough to get by.,Bahrain,4,4,4,0,0,0,0,0,0,0
"Technically Savvy:   I know my way around a computer pretty well. When anyone in my family needs technical help, I‰Ûªm the one they call.",Jersey,4,4,4,2,1,1,0,1,0,0
"Technically Savvy:   I know my way around a computer pretty well. When anyone in my family needs technical help, I‰Ûªm the one they call.",Botswana,4,6,5,1,1,0,1,0,0,0
"Ultra Nerd:  I build my own computers, run my own servers, code my own apps. I‰Ûªm basically Mr. Robot.",Sudan,4,5,4,3,1,1,1,2,1,1
"Ultra Nerd:  I build my own computers, run my own servers, code my own apps. I‰Ûªm basically Mr. Robot.",Guernsey,4,4,4,3,3,1,1,0,0,0
"Technically Savvy:   I know my way around a computer pretty well. When anyone in my family needs technical help, I‰Ûªm the one they call.",Curacao,4,4,4,0,0,0,0,0,0,0
Luddite:  Technology scares me! I only use it when I have to.,Kenya,3,6,6,1,0,0,1,0,1,0
Luddite:  Technology scares me! I only use it when I have to.,Japan,3,2,2,0,0,0,0,0,0,0
"Ultra Nerd:  I build my own computers, run my own servers, code my own apps. I‰Ûªm basically Mr. Robot.",Burkina Faso,3,5,4,0,0,1,1,0,0,0
"Technically Savvy:   I know my way around a computer pretty well. When anyone in my family needs technical help, I‰Ûªm the one they call.",Rwanda,3,4,4,1,1,1,1,0,0,0
"Ultra Nerd:  I build my own computers, run my own servers, code my own apps. I‰Ûªm basically Mr. Robot.",Trinidad and Tobago,3,3,3,2,0,0,0,0,0,0
Average User:   I know enough to get by.,Curacao,3,2,4,2,0,0,0,0,0,0
Luddite:  Technology scares me! I only use it when I have to.,Finland,3,4,3,2,0,0,0,0,0,0
Average User:   I know enough to get by.,Mongolia,3,3,3,2,0,0,0,0,0,0
Luddite:  Technology scares me! I only use it when I have to.,Honduras,3,2,4,2,0,0,0,0,1,0
"Ultra Nerd:  I build my own computers, run my own servers, code my own apps. I‰Ûªm basically Mr. Robot.","Moldova, Republic of",3,3,3,1,0,1,0,1,0,0
"Ultra Nerd:  I build my own computers, run my own servers, code my own apps. I‰Ûªm basically Mr. Robot.",Armenia,3,3,3,3,0,0,0,0,0,0
"Ultra Nerd:  I build my own computers, run my own servers, code my own apps. I‰Ûªm basically Mr. Robot.",Belize,3,3,3,1,1,0,0,0,0,0
Average User:   I know enough to get by.,"Moldova, Republic of",3,3,3,2,0,0,0,0,0,0
Average User:   I know enough to get by.,Djibouti,3,6,3,1,0,0,0,0,0,0
"Ultra Nerd:  I build my own computers, run my own servers, code my own apps. I‰Ûªm basically Mr. Robot.",Uganda,3,2,3,1,1,1,0,0,1,0
"Technically Savvy:   I know my way around a computer pretty well. When anyone in my family needs technical help, I‰Ûªm the one they call.",Isle of Man,3,4,4,1,1,0,0,0,0,0
Average User:   I know enough to get by.,Macedonia,3,4,3,1,0,0,0,0,0,0
Average User:   I know enough to get by.,Andorra,3,2,2,0,0,0,0,0,0,0
"Technically Savvy:   I know my way around a computer pretty well. When anyone in my family needs technical help, I‰Ûªm the one they call.",Guernsey,3,2,3,2,1,0,0,0,0,0
Average User:   I know enough to get by.,Georgia,3,2,1,0,0,0,0,0,1,0
"Technically Savvy:   I know my way around a computer pretty well. When anyone in my family needs technical help, I‰Ûªm the one they call.",Gambia,3,2,2,0,0,0,0,0,0,0
"Ultra Nerd:  I build my own computers, run my own servers, code my own apps. I‰Ûªm basically Mr. Robot.",Ethiopia,3,4,3,0,0,0,0,0,0,0
"Technically Savvy:   I know my way around a computer pretty well. When anyone in my family needs technical help, I‰Ûªm the one they call.",Malawi,3,4,4,3,0,0,1,0,1,0
"Technically Savvy:   I know my way around a computer pretty well. When anyone in my family needs technical help, I‰Ûªm the one they call.",Burundi,3,5,5,0,0,0,0,0,0,0
"Technically Savvy:   I know my way around a computer pretty well. When anyone in my family needs technical help, I‰Ûªm the one they call.",Burkina Faso,3,6,6,4,1,1,0,0,0,0
"Technically Savvy:   I know my way around a computer pretty well. When anyone in my family needs technical help, I‰Ûªm the one they call.",Mauritania,3,3,3,3,0,0,0,0,0,0
"Technically Savvy:   I know my way around a computer pretty well. When anyone in my family needs technical help, I‰Ûªm the one they call.",Belize,3,3,3,2,0,0,0,0,1,0
Luddite:  Technology scares me! I only use it when I have to.,Bulgaria,3,2,2,0,0,0,0,0,0,0
"Technically Savvy:   I know my way around a computer pretty well. When anyone in my family needs technical help, I‰Ûªm the one they call.",Andorra,3,3,3,2,2,0,1,1,0,1
"Technically Savvy:   I know my way around a computer pretty well. When anyone in my family needs technical help, I‰Ûªm the one they call.","Moldova, Republic of",3,3,3,0,0,0,0,0,0,0
Luddite:  Technology scares me! I only use it when I have to.,Togo,3,5,4,0,0,0,0,0,1,0
Luddite:  Technology scares me! I only use it when I have to.,Denmark,3,3,2,1,0,0,0,0,0,0
Luddite:  Technology scares me! I only use it when I have to.,Vietnam,3,4,3,1,1,0,0,0,0,0
"Technically Savvy:   I know my way around a computer pretty well. When anyone in my family needs technical help, I‰Ûªm the one they call.",Guinea,3,9,9,3,0,0,0,0,2,1
"Ultra Nerd:  I build my own computers, run my own servers, code my own apps. I‰Ûªm basically Mr. Robot.",Niger,3,2,2,0,0,0,0,0,0,0
Average User:   I know enough to get by.,Papua New Guinea,2,4,4,0,0,0,0,0,2,0
Luddite:  Technology scares me! I only use it when I have to.,Dominican Republic,2,0,0,0,0,1,0,0,0,0
"Technically Savvy:   I know my way around a computer pretty well. When anyone in my family needs technical help, I‰Ûªm the one they call.","Virgin Islands, U.S.",2,1,2,1,1,0,1,0,0,0
"Ultra Nerd:  I build my own computers, run my own servers, code my own apps. I‰Ûªm basically Mr. Robot.",French Guiana,2,2,2,0,1,0,0,0,0,0
Average User:   I know enough to get by.,Swaziland,2,2,2,1,1,0,0,0,0,0
"Ultra Nerd:  I build my own computers, run my own servers, code my own apps. I‰Ûªm basically Mr. Robot.",Fiji,2,2,3,2,0,0,0,0,0,0
Average User:   I know enough to get by.,Sudan,2,2,5,0,0,0,0,0,0,0
Luddite:  Technology scares me! I only use it when I have to.,Ethiopia,2,4,3,1,1,1,1,1,1,1
"Ultra Nerd:  I build my own computers, run my own servers, code my own apps. I‰Ûªm basically Mr. Robot.",Jersey,2,2,2,1,1,0,0,0,0,0
Average User:   I know enough to get by.,Seychelles,2,2,3,1,1,1,0,0,1,0
Luddite:  Technology scares me! I only use it when I have to.,Europe,2,2,2,0,0,0,0,0,0,0
Luddite:  Technology scares me! I only use it when I have to.,Cuba,2,2,0,0,0,0,0,0,0,1
Average User:   I know enough to get by.,Cape Verde,2,3,4,0,0,0,0,0,0,0
Luddite:  Technology scares me! I only use it when I have to.,Guadeloupe,2,4,2,0,0,0,0,0,1,0
"Ultra Nerd:  I build my own computers, run my own servers, code my own apps. I‰Ûªm basically Mr. Robot.",Bahrain,2,2,2,2,0,0,1,0,0,0
"Ultra Nerd:  I build my own computers, run my own servers, code my own apps. I‰Ûªm basically Mr. Robot.",Syrian Arab Republic,2,2,2,0,1,0,0,0,0,0
Luddite:  Technology scares me! I only use it when I have to.,Burkina Faso,2,10,5,2,0,0,0,0,1,0
Luddite:  Technology scares me! I only use it when I have to.,Gabon,2,5,5,1,0,0,0,0,0,0
Average User:   I know enough to get by.,Belize,2,1,2,1,0,0,0,1,0,0
"Technically Savvy:   I know my way around a computer pretty well. When anyone in my family needs technical help, I‰Ûªm the one they call.",Swaziland,2,2,2,0,0,0,0,0,0,0
"Ultra Nerd:  I build my own computers, run my own servers, code my own apps. I‰Ûªm basically Mr. Robot.",Togo,2,2,2,1,0,0,0,0,0,0
Average User:   I know enough to get by.,Equatorial Guinea,2,3,3,1,2,2,1,1,1,1
"Ultra Nerd:  I build my own computers, run my own servers, code my own apps. I‰Ûªm basically Mr. Robot.",Mozambique,2,0,0,0,0,0,0,0,0,0
Luddite:  Technology scares me! I only use it when I have to.,Serbia,2,1,2,1,0,0,0,0,0,0
Luddite:  Technology scares me! I only use it when I have to.,Sierra Leone,2,0,2,1,0,0,0,0,0,0
Average User:   I know enough to get by.,Maldives,2,2,1,1,1,0,0,0,1,1
"Ultra Nerd:  I build my own computers, run my own servers, code my own apps. I‰Ûªm basically Mr. Robot.",Namibia,2,3,2,0,0,1,0,0,0,0
Average User:   I know enough to get by.,Anonymous Proxy,2,3,3,1,0,0,0,0,0,0
Average User:   I know enough to get by.,Liechtenstein,2,2,2,1,0,0,0,0,0,0
"Technically Savvy:   I know my way around a computer pretty well. When anyone in my family needs technical help, I‰Ûªm the one they call.",Papua New Guinea,2,3,2,0,0,0,0,0,0,0
Luddite:  Technology scares me! I only use it when I have to.,Norway,2,3,3,2,2,2,2,2,2,2
"Technically Savvy:   I know my way around a computer pretty well. When anyone in my family needs technical help, I‰Ûªm the one they call.",Niger,2,5,5,2,1,1,0,1,0,0
"Technically Savvy:   I know my way around a computer pretty well. When anyone in my family needs technical help, I‰Ûªm the one they call.",Mozambique,2,4,4,0,0,0,0,0,0,0
"Technically Savvy:   I know my way around a computer pretty well. When anyone in my family needs technical help, I‰Ûªm the one they call.",Azerbaijan,2,1,1,1,0,0,0,0,0,0
"Technically Savvy:   I know my way around a computer pretty well. When anyone in my family needs technical help, I‰Ûªm the one they call.",Bhutan,2,1,1,1,0,0,1,0,0,0
"Technically Savvy:   I know my way around a computer pretty well. When anyone in my family needs technical help, I‰Ûªm the one they call.",Macau,2,2,2,1,1,0,0,0,1,0
"Technically Savvy:   I know my way around a computer pretty well. When anyone in my family needs technical help, I‰Ûªm the one they call.",Liberia,2,3,4,1,0,0,0,0,1,0
"Technically Savvy:   I know my way around a computer pretty well. When anyone in my family needs technical help, I‰Ûªm the one they call.",Guam,2,2,2,1,0,1,0,1,0,1
Average User:   I know enough to get by.,Armenia,2,1,1,0,0,0,0,0,0,0
Luddite:  Technology scares me! I only use it when I have to.,Slovakia,2,1,0,1,0,0,0,0,0,0
Luddite:  Technology scares me! I only use it when I have to.,Mongolia,2,0,0,0,0,0,0,0,0,0
Luddite:  Technology scares me! I only use it when I have to.,Madagascar,2,4,2,2,1,1,0,0,0,0
Luddite:  Technology scares me! I only use it when I have to.,Nigeria,2,8,6,3,0,0,0,0,0,1
Luddite:  Technology scares me! I only use it when I have to.,Malta,2,4,3,1,0,0,0,0,1,0
"Technically Savvy:   I know my way around a computer pretty well. When anyone in my family needs technical help, I‰Ûªm the one they call.",Suriname,2,3,2,1,1,1,1,0,0,0
Luddite:  Technology scares me! I only use it when I have to.,Martinique,2,8,3,1,0,0,1,0,0,0
Average User:   I know enough to get by.,Belarus,2,3,2,1,0,0,0,1,0,0
Average User:   I know enough to get by.,Asia/Pacific Region,2,2,1,1,0,0,0,0,0,0
Average User:   I know enough to get by.,Bahamas,2,2,2,1,0,0,0,0,0,0
Luddite:  Technology scares me! I only use it when I have to.,Mali,2,2,2,0,0,0,0,0,0,0
Average User:   I know enough to get by.,Saint Kitts and Nevis,1,1,1,0,0,0,0,0,0,0
"Ultra Nerd:  I build my own computers, run my own servers, code my own apps. I‰Ûªm basically Mr. Robot.",Papua New Guinea,1,0,1,0,0,0,0,0,0,0
"Ultra Nerd:  I build my own computers, run my own servers, code my own apps. I‰Ûªm basically Mr. Robot.",Mali,1,1,1,1,0,0,0,0,0,0
Average User:   I know enough to get by.,Somalia,1,1,1,0,0,0,0,0,0,0
Average User:   I know enough to get by.,Holy See (Vatican City State),1,1,1,1,0,0,0,0,2,0
Average User:   I know enough to get by.,Tonga,1,1,0,0,0,0,0,0,0,0
Average User:   I know enough to get by.,Guam,1,1,1,0,0,0,1,0,0,0
Average User:   I know enough to get by.,Congo,1,5,5,1,0,0,0,0,0,0
Average User:   I know enough to get by.,Gibraltar,1,1,1,0,0,0,0,0,0,0
Average User:   I know enough to get by.,Uzbekistan,1,1,1,0,0,0,0,0,0,0
Average User:   I know enough to get by.,Vanuatu,1,1,1,1,0,0,0,0,0,0
Average User:   I know enough to get by.,"Virgin Islands, U.S.",1,1,0,0,0,0,0,0,0,0
Average User:   I know enough to get by.,Yemen,1,1,1,0,0,0,0,0,1,0
Average User:   I know enough to get by.,Comoros,1,1,0,0,0,0,0,0,0,0
Luddite:  Technology scares me! I only use it when I have to.,Albania,1,1,1,1,0,0,1,0,1,0
Average User:   I know enough to get by.,Northern Mariana Islands,1,1,1,0,0,0,0,0,1,0
Average User:   I know enough to get by.,Saint Vincent and the Grenadines,1,1,1,0,0,0,0,0,0,0
Average User:   I know enough to get by.,Sao Tome and Principe,1,0,0,1,0,0,0,0,0,0
"Ultra Nerd:  I build my own computers, run my own servers, code my own apps. I‰Ûªm basically Mr. Robot.",Sierra Leone,1,1,1,1,1,1,1,1,1,1
"Ultra Nerd:  I build my own computers, run my own servers, code my own apps. I‰Ûªm basically Mr. Robot.","Micronesia, Federated States of",1,1,0,0,0,0,0,0,0,0
Average User:   I know enough to get by.,Dominica,1,1,1,0,0,0,0,0,0,0
Average User:   I know enough to get by.,Saint Lucia,1,1,1,0,0,0,0,0,0,0
"Ultra Nerd:  I build my own computers, run my own servers, code my own apps. I‰Ûªm basically Mr. Robot.",Montenegro,1,1,1,0,0,0,0,0,0,0
Average User:   I know enough to get by.,Marshall Islands,1,1,1,1,0,0,0,0,0,0
"Ultra Nerd:  I build my own computers, run my own servers, code my own apps. I‰Ûªm basically Mr. Robot.",Liberia,1,1,1,1,1,1,1,1,1,1
"Ultra Nerd:  I build my own computers, run my own servers, code my own apps. I‰Ûªm basically Mr. Robot.",Lao People's Democratic Republic,1,1,1,0,1,0,0,1,0,0
Average User:   I know enough to get by.,Montenegro,1,1,1,1,0,0,0,0,0,0
Average User:   I know enough to get by.,Kazakhstan,1,2,1,0,0,0,0,0,0,0
"Ultra Nerd:  I build my own computers, run my own servers, code my own apps. I‰Ûªm basically Mr. Robot.",Mauritania,1,1,1,0,0,0,0,0,0,0
Average User:   I know enough to get by.,Palestinian Territory,1,1,0,0,0,0,0,0,0,0
Average User:   I know enough to get by.,Saint Pierre and Miquelon,1,1,1,0,0,0,0,0,0,0
"Ultra Nerd:  I build my own computers, run my own servers, code my own apps. I‰Ûªm basically Mr. Robot.",Kazakhstan,1,1,1,1,0,1,0,0,0,0
Average User:   I know enough to get by.,Lesotho,1,1,2,1,1,0,0,0,0,0
Average User:   I know enough to get by.,Kyrgyzstan,1,1,1,0,0,0,0,0,0,0
"Ultra Nerd:  I build my own computers, run my own servers, code my own apps. I‰Ûªm basically Mr. Robot.",Malawi,1,1,1,0,0,0,0,0,0,0
"Ultra Nerd:  I build my own computers, run my own servers, code my own apps. I‰Ûªm basically Mr. Robot.",Haiti,1,1,1,0,0,0,0,0,0,0
"Ultra Nerd:  I build my own computers, run my own servers, code my own apps. I‰Ûªm basically Mr. Robot.",Azerbaijan,1,1,1,1,1,1,0,0,0,0
Luddite:  Technology scares me! I only use it when I have to.,"Moldova, Republic of",1,1,1,0,0,0,0,0,0,0
Luddite:  Technology scares me! I only use it when I have to.,Tonga,1,1,1,0,0,0,0,0,0,0
Average User:   I know enough to get by.,Aruba,1,2,2,1,0,0,0,0,0,0
"Technically Savvy:   I know my way around a computer pretty well. When anyone in my family needs technical help, I‰Ûªm the one they call.",Somalia,1,1,0,0,0,0,0,0,0,0
"Technically Savvy:   I know my way around a computer pretty well. When anyone in my family needs technical help, I‰Ûªm the one they call.",Solomon Islands,1,2,1,1,0,0,0,0,0,0
Luddite:  Technology scares me! I only use it when I have to.,Romania,1,3,2,0,0,0,0,0,0,0
"Technically Savvy:   I know my way around a computer pretty well. When anyone in my family needs technical help, I‰Ûªm the one they call.",Sint Maarten (Dutch part),1,1,1,1,0,0,0,0,0,0
"Technically Savvy:   I know my way around a computer pretty well. When anyone in my family needs technical help, I‰Ûªm the one they call.",Sierra Leone,1,1,1,0,0,0,0,0,0,0
"Ultra Nerd:  I build my own computers, run my own servers, code my own apps. I‰Ûªm basically Mr. Robot.",Vanuatu,1,1,1,0,0,1,0,0,0,0
Luddite:  Technology scares me! I only use it when I have to.,Saudi Arabia,1,3,3,0,0,0,0,0,1,0
"Technically Savvy:   I know my way around a computer pretty well. When anyone in my family needs technical help, I‰Ûªm the one they call.",Saint Lucia,1,1,1,1,0,0,0,0,0,0
"Technically Savvy:   I know my way around a computer pretty well. When anyone in my family needs technical help, I‰Ûªm the one they call.",Saint Kitts and Nevis,1,1,1,1,0,0,0,0,0,0
Luddite:  Technology scares me! I only use it when I have to.,Slovenia,1,1,1,0,0,0,0,0,0,0
Luddite:  Technology scares me! I only use it when I have to.,Sri Lanka,1,1,3,1,1,0,0,0,0,0
Luddite:  Technology scares me! I only use it when I have to.,Syrian Arab Republic,1,1,0,0,0,0,0,0,0,0
Luddite:  Technology scares me! I only use it when I have to.,Taiwan,1,0,0,0,0,0,1,0,0,0
Luddite:  Technology scares me! I only use it when I have to.,Uganda,1,2,2,0,0,0,0,0,0,0
Luddite:  Technology scares me! I only use it when I have to.,Myanmar,1,2,1,1,1,0,0,0,1,1
Luddite:  Technology scares me! I only use it when I have to.,Ukraine,1,3,2,2,0,0,0,1,0,0
Luddite:  Technology scares me! I only use it when I have to.,United Arab Emirates,1,1,3,0,0,0,0,0,0,0
Luddite:  Technology scares me! I only use it when I have to.,Zambia,1,0,1,0,0,0,0,0,0,0
"Technically Savvy:   I know my way around a computer pretty well. When anyone in my family needs technical help, I‰Ûªm the one they call.",Anguilla,1,1,1,0,0,0,0,0,0,0
"Technically Savvy:   I know my way around a computer pretty well. When anyone in my family needs technical help, I‰Ûªm the one they call.",Antigua and Barbuda,1,1,0,0,0,0,0,0,0,0
"Ultra Nerd:  I build my own computers, run my own servers, code my own apps. I‰Ûªm basically Mr. Robot.","Virgin Islands, U.S.",1,1,1,1,0,0,0,0,0,0
"Technically Savvy:   I know my way around a computer pretty well. When anyone in my family needs technical help, I‰Ûªm the one they call.",Cayman Islands,1,1,1,1,0,0,0,0,0,0
"Technically Savvy:   I know my way around a computer pretty well. When anyone in my family needs technical help, I‰Ûªm the one they call.",Chad,1,0,1,1,0,0,0,0,0,0
"Technically Savvy:   I know my way around a computer pretty well. When anyone in my family needs technical help, I‰Ûªm the one they call.",Libya,1,1,1,0,0,0,0,0,0,0
"Ultra Nerd:  I build my own computers, run my own servers, code my own apps. I‰Ûªm basically Mr. Robot.",Yemen,1,0,0,0,0,0,1,0,0,0
"Technically Savvy:   I know my way around a computer pretty well. When anyone in my family needs technical help, I‰Ûªm the one they call.",Equatorial Guinea,1,1,1,0,0,0,0,0,0,0
"Technically Savvy:   I know my way around a computer pretty well. When anyone in my family needs technical help, I‰Ûªm the one they call.",Lao People's Democratic Republic,1,1,1,1,1,1,0,0,0,0
"Technically Savvy:   I know my way around a computer pretty well. When anyone in my family needs technical help, I‰Ûªm the one they call.",Gibraltar,1,1,1,1,0,0,0,0,0,0
"Ultra Nerd:  I build my own computers, run my own servers, code my own apps. I‰Ûªm basically Mr. Robot.",Zambia,1,1,2,0,0,0,0,0,0,0
Luddite:  Technology scares me! I only use it when I have to.,Palestinian Territory,1,0,0,0,0,0,0,0,0,1
"Ultra Nerd:  I build my own computers, run my own servers, code my own apps. I‰Ûªm basically Mr. Robot.",Rwanda,1,2,1,0,0,0,0,0,0,0
Luddite:  Technology scares me! I only use it when I have to.,Andorra,1,1,1,0,0,0,0,0,0,0
Luddite:  Technology scares me! I only use it when I have to.,Lithuania,1,1,1,1,0,0,0,0,0,0
Average User:   I know enough to get by.,Christmas Island,1,1,1,1,0,0,0,0,0,0
Luddite:  Technology scares me! I only use it when I have to.,Aruba,1,1,0,0,0,0,0,0,0,0
Luddite:  Technology scares me! I only use it when I have to.,Asia/Pacific Region,1,0,0,0,0,0,0,0,0,0
"Ultra Nerd:  I build my own computers, run my own servers, code my own apps. I‰Ûªm basically Mr. Robot.",Georgia,1,1,1,1,0,0,0,0,0,0
"Ultra Nerd:  I build my own computers, run my own servers, code my own apps. I‰Ûªm basically Mr. Robot.",Gabon,1,2,2,0,0,0,0,0,0,0
Luddite:  Technology scares me! I only use it when I have to.,Barbados,1,1,1,0,1,0,0,0,0,0
Average User:   I know enough to get by.,Central African Republic,1,1,1,0,0,0,0,0,0,0
Luddite:  Technology scares me! I only use it when I have to.,Belize,1,1,1,0,0,0,0,0,0,0
Luddite:  Technology scares me! I only use it when I have to.,Benin,1,1,2,0,0,0,0,0,0,0
Luddite:  Technology scares me! I only use it when I have to.,Bhutan,1,1,1,1,0,0,0,0,0,0
Luddite:  Technology scares me! I only use it when I have to.,Burundi,1,1,2,1,0,1,0,0,0,0
Luddite:  Technology scares me! I only use it when I have to.,Cambodia,1,1,1,0,0,0,0,0,0,0
Luddite:  Technology scares me! I only use it when I have to.,China,1,0,0,0,0,0,1,0,0,0
Luddite:  Technology scares me! I only use it when I have to.,Congo,1,1,0,0,0,0,0,0,0,0
"Ultra Nerd:  I build my own computers, run my own servers, code my own apps. I‰Ûªm basically Mr. Robot.",Congo,1,1,1,1,1,1,0,0,0,0
"Ultra Nerd:  I build my own computers, run my own servers, code my own apps. I‰Ûªm basically Mr. Robot.",Comoros,1,1,1,1,0,0,0,0,0,0
"Ultra Nerd:  I build my own computers, run my own servers, code my own apps. I‰Ûªm basically Mr. Robot.",Cayman Islands,1,1,1,1,1,1,0,0,0,0
"Ultra Nerd:  I build my own computers, run my own servers, code my own apps. I‰Ûªm basically Mr. Robot.",Burundi,1,1,1,0,0,0,0,0,0,0
"Ultra Nerd:  I build my own computers, run my own servers, code my own apps. I‰Ûªm basically Mr. Robot.",Tajikistan,1,1,1,1,0,0,0,0,0,0
Luddite:  Technology scares me! I only use it when I have to.,Grenada,1,1,1,1,0,0,0,0,0,0
"Ultra Nerd:  I build my own computers, run my own servers, code my own apps. I‰Ûªm basically Mr. Robot.",San Marino,1,1,1,1,1,0,0,0,1,0
Luddite:  Technology scares me! I only use it when I have to.,Guinea,1,1,1,0,0,0,0,0,0,0
"Ultra Nerd:  I build my own computers, run my own servers, code my own apps. I‰Ûªm basically Mr. Robot.",Asia/Pacific Region,1,1,1,1,1,0,0,0,0,0
Luddite:  Technology scares me! I only use it when I have to.,Hong Kong,1,1,1,0,0,0,0,0,0,0
"Ultra Nerd:  I build my own computers, run my own servers, code my own apps. I‰Ûªm basically Mr. Robot.",Angola,1,1,1,1,1,1,1,1,1,1
"Ultra Nerd:  I build my own computers, run my own servers, code my own apps. I‰Ûªm basically Mr. Robot.",Andorra,1,1,1,1,1,1,0,0,0,0
Average User:   I know enough to get by.,Botswana,1,4,5,2,0,0,1,1,1,1
Luddite:  Technology scares me! I only use it when I have to.,Isle of Man,1,1,1,0,0,0,0,0,0,0
Luddite:  Technology scares me! I only use it when I have to.,Jamaica,1,0,1,0,0,0,0,0,0,0
"Ultra Nerd:  I build my own computers, run my own servers, code my own apps. I‰Ûªm basically Mr. Robot.",Swaziland,0,1,1,0,0,0,0,0,0,0
"Ultra Nerd:  I build my own computers, run my own servers, code my own apps. I‰Ûªm basically Mr. Robot.",Somalia,0,0,0,0,0,0,0,0,0,0
Luddite:  Technology scares me! I only use it when I have to.,Czech Republic,0,1,1,0,1,0,0,0,1,0
Average User:   I know enough to get by.,Liberia,0,2,2,1,0,0,0,0,0,0
"Technically Savvy:   I know my way around a computer pretty well. When anyone in my family needs technical help, I‰Ûªm the one they call.",Vanuatu,0,1,0,0,0,0,0,0,0,0
Luddite:  Technology scares me! I only use it when I have to.,Macedonia,0,1,0,0,0,0,0,0,0,0
"Technically Savvy:   I know my way around a computer pretty well. When anyone in my family needs technical help, I‰Ûªm the one they call.",Turks and Caicos Islands,0,1,1,0,0,0,0,0,0,0
Luddite:  Technology scares me! I only use it when I have to.,Mauritius,0,1,1,0,0,0,0,0,0,0
Luddite:  Technology scares me! I only use it when I have to.,Mayotte,0,0,0,0,0,0,0,0,0,1
Luddite:  Technology scares me! I only use it when I have to.,Namibia,0,0,1,1,0,0,0,0,0,0
Luddite:  Technology scares me! I only use it when I have to.,New Caledonia,0,1,1,0,0,0,1,0,0,0
Luddite:  Technology scares me! I only use it when I have to.,Niger,0,2,1,0,0,1,1,0,0,0
"Technically Savvy:   I know my way around a computer pretty well. When anyone in my family needs technical help, I‰Ûªm the one they call.",South Sudan,0,1,1,0,0,0,0,0,0,0
Luddite:  Technology scares me! I only use it when I have to.,Poland,0,0,0,0,0,0,0,0,0,0
Luddite:  Technology scares me! I only use it when I have to.,San Marino,0,1,0,0,0,0,0,0,0,0
Luddite:  Technology scares me! I only use it when I have to.,Sudan,0,0,0,0,0,0,0,0,0,0
"Technically Savvy:   I know my way around a computer pretty well. When anyone in my family needs technical help, I‰Ûªm the one they call.",American Samoa,0,1,1,0,0,0,0,0,0,0
"Technically Savvy:   I know my way around a computer pretty well. When anyone in my family needs technical help, I‰Ûªm the one they call.",Cape Verde,0,1,0,0,0,0,0,0,0,0
"Technically Savvy:   I know my way around a computer pretty well. When anyone in my family needs technical help, I‰Ûªm the one they call.",Lesotho,0,2,2,0,0,0,0,0,0,0
"Technically Savvy:   I know my way around a computer pretty well. When anyone in my family needs technical help, I‰Ûªm the one they call.",Grenada,0,1,0,0,0,0,0,0,0,0
Luddite:  Technology scares me! I only use it when I have to.,Libya,0,0,0,0,0,0,0,0,0,0
Luddite:  Technology scares me! I only use it when I have to.,Hungary,0,0,0,0,0,0,0,0,1,0
Average User:   I know enough to get by.,Mauritania,0,1,0,0,0,0,0,0,0,0
Luddite:  Technology scares me! I only use it when I have to.,French Guiana,0,1,0,0,0,0,0,0,0,0
"Ultra Nerd:  I build my own computers, run my own servers, code my own apps. I‰Ûªm basically Mr. Robot.",Mayotte,0,1,0,0,0,0,0,0,0,0
"Ultra Nerd:  I build my own computers, run my own servers, code my own apps. I‰Ûªm basically Mr. Robot.",Libya,0,0,0,0,0,0,0,0,0,0
Average User:   I know enough to get by.,Saint Martin,0,1,1,0,0,0,0,0,0,0
"Ultra Nerd:  I build my own computers, run my own servers, code my own apps. I‰Ûªm basically Mr. Robot.",Jamaica,0,0,1,0,0,0,0,0,0,0
Luddite:  Technology scares me! I only use it when I have to.,Afghanistan,0,0,0,0,0,0,1,0,0,0
"Ultra Nerd:  I build my own computers, run my own servers, code my own apps. I‰Ûªm basically Mr. Robot.",Guinea,0,1,0,0,0,0,0,0,0,0
Luddite:  Technology scares me! I only use it when I have to.,Angola,0,0,0,1,0,0,0,0,0,0
Luddite:  Technology scares me! I only use it when I have to.,Anonymous Proxy,0,1,0,0,0,0,0,0,0,0
Luddite:  Technology scares me! I only use it when I have to.,Belarus,0,0,0,0,0,0,0,0,0,0
Luddite:  Technology scares me! I only use it when I have to.,Botswana,0,0,2,0,0,0,0,0,0,0
Luddite:  Technology scares me! I only use it when I have to.,Chad,0,0,0,0,0,0,0,0,0,0
Luddite:  Technology scares me! I only use it when I have to.,"Congo, The Democratic Republic of the",0,0,0,0,0,0,0,0,0,0
Luddite:  Technology scares me! I only use it when I have to.,Croatia,0,1,0,0,0,0,0,0,0,0
Luddite:  Technology scares me! I only use it when I have to.,Djibouti,0,1,0,0,0,0,0,0,0,0
Luddite:  Technology scares me! I only use it when I have to.,Fiji,0,0,1,0,0,0,0,0,0,0
Average User:   I know enough to get by.,Afghanistan,0,1,1,0,0,0,0,0,0,0
